zone,,1
youth.,1
youth-,1
youth,,2
youth,11
yourselves,1
yourself.,4
yourself,,2
yourself,8
yours.,3
yours,2
your,217
younger,1
young,,1
young,14
you?,13
you;,10
you.-,3
you.,36
you-,2
you,,53
you'll,3
you!,2
you,361
yonder,2
yond,1
yon,1
yielding,1
yield,2
yet?,1
yet,,3
yet,26
yesty,1
yesternight.,1
yesterday,,1
yes,,1
yeoman's,1
years.,2
years,1
year.,3
year,,1
year,1
yea,,1
ye,,1
ye!,1
ye,2
yawn,,1
yaw,1
yard,1
wrung,1
wrote?,1
wrote,1
wrong;,1
wrong,,2
wrong'd;,1
wrong'd,1
wrong,3
written,1
writers,1
write,1
writ,5
wrist,1
wrinkled;,1
wringing,1
wring,1
wretched,,2
wretched,1
wretch,3
wrath,1
wrap,1
wrack,1
wounds,2
woundless,1
wounded,1
wouldst,5
would;,1
would,',1
would,,1
would,62
wot,',1
worthy,1
worth,,2
worth!,1
worst.,1
worser,1
worse.,1
worse,1
worn.,1
wormwood!,1
worms,1
worm.,1
worm,2
world.,2
world,,4
world's,2
world!,2
world,17
works.,1
working,,2
work?,1
work;,2
work.,1
work,6
wore,1
words?,1
words.,1
words,,2
words!,1
words,13
word:,1
word.,3
word,,2
word,6
wooes,1
woodcocks!,1
woodcock,1
wood,1
woo't,3
woo,1
wonted,2
wont,3
wondrous,3
wonderful!,1
wonderful,1
wonder.,1
wonder-wounded,1
wonder,,2
won,1
women's,1
womb,1
woman.,1
woman,,1
woman's,1
woman!-,1
woman!,1
woman,3
woe.,1
woe,,2
woe,5
wittingly.,1
wittingly,,1
wits.,1
wits,,1
wits,2
witness,1
without.,1
without,,1
without,12
within:,1
within.],2
within.,2
within,,1
within,9
withers,1
wither'd,1
withdrew,1
withdraw,,1
withdraw,1
withal.,4
withal-,1
withal,,1
with],1
with;,1
with:,1
with,,1
with,224
witching,1
witchcraft,2
witch,1
wit,,3
wit's,1
wit,2
wishes,1
wish'd.,1
wish,3
wisest,3
wisely,,1
wisely,1
wise,,1
wise,1
wisdoms,,1
wisdom,,1
wisdom,6
wipe,2
winter's,1
winnowed,1
winks,1
winking,,1
wings,,1
wings,1
wing,1
wine,2
windy,1
winds,3
window,,1
windlasses,1
wind,,1
wind,10
winch;,1
win.,1
win,2
wilt,7
wills,1
willow,1
willingly,2
willing,,2
will;,1
will.,8
will-,1
will,,9
will!,2
will,130
wilfully,1
wildness.,1
wildly,2
wild,,2
wild,2
wife;,3
wife.,1
wife,,2
wife!,1
wife,1
widow,,1
wide;,1
wide,3
wicked,6
wick,1
wi',,1
wi',3
why.,1
why,,1
why,8
whose,21
whoreson,,1
whoreson,1
whore),1
whor'd,1
whom,5
wholesome,,1
wholesome,6
whole,7
who?,2
who,,4
who,12
white,3
whit,,1
whispers,1
whisper,2
whirlwind,1
whirling,1
whips,1
whipping?,1
whipp'd,1
whine?,1
whilst,3
while;,1
while.,1
while,,1
while,9
whiff,1
which,-,1
which,,4
which,38
whether,2
whet,1
whereto,2
whereon,1
whereof,,1
wherein,2
wherefore?,1
wherefore,1
whereat,1
where?,1
where,,1
where's,1
where,26
whensoever,,1
whence,1
when,,1
when,26
wheel,,2
wheel,1
wheaten,1
whe'r,1
whatsoever,1
what?,1
what,,3
what's,5
what,100
wharf,,1
whale.,2
westward,1
west,1
were,24
went,5
well?,2
well;,1
well.-,1
well.',1
well.,17
well-took,1
well,,12
well!,1
well,28
welcome.,4
welcome-,1
welcome,,2
welcome,5
weight,1
weighing,1
weigh'd,,2
weigh,1
weeps,1
weeping,1
weep?,1
weep,,1
weep,2
week.,1
weedy,1
weeds,,1
weeds,3
weed,1
wedding.,1
wed;,1
wed.',1
wed,1
weasel.,2
weary,,1
weary,1
wears,2
wearing,1
wear,4
weapons-,1
weapon?,1
weapon;,1
wealth,1
weal,1
weakness,,1
weakness,1
weakest,1
weaker,1
weak,2
we.,1
we,,1
we'll,4
we!,1
we,101
ways.,2
ways,1
way.,2
way,,1
way,8
waxes,,1
waxes,1
wax,2
waving,1
waves,3
waterfly?,1
water;,1
water,5
watchman,1
watch;,1
watch.,1
watch,,6
watch'd.,1
watch,7
waste,1
wassail,,1
wash,2
was?,1
was.',1
was.,2
was,,3
was't?,1
was't,1
was,70
wary,2
wart!,1
wars.,1
wars,,1
warranty.,1
warrant.,1
warrant,3
warr'nt,1
warning,,1
warms,1
warlike,5
wards,,1
war;,1
war,1
wants,2
wantonness,1
wanton,,1
wanton,2
want,2
wann'd,,1
wand'ring,1
wall,1
walks,1
walk.,1
walk'd,1
walk,8
wake,1
waits,1
wait,2
waist,,1
wail,1
wager?,1
wager,,1
wager'd,1
wager,4
wag.,1
wag,1
vulgar:,1
vulgar,1
voyage;,1
voyage,,1
vows;,1
vows.,1
vows,,2
vows,2
vow,2
vouchsafe,3
vouchers,,1
vouchers,1
vouch,1
volume,1
volley.,1
voice;,1
voice.,2
voice,,4
voice,5
visitation?,1
visitation,2
visit,4
vision,1
visage,,2
visage,3
virtues,2
virtue;,1
virtue,,2
virtue,7
virgin,1
violets,,1
violets,1
violet,1
violent,4
violence;,2
violence,2
villany!,1
villanous,1
villanies,,1
villain?,1
villain;,1
villain,,2
villain!,4
villain,3
vile,5
vigour,1
view;,1
view,1
vicious,1
vice,3
vial,,1
very-,1
very,,1
very,57
verse,1
verity,1
ventages,1
venom,,1
venom'd,1
venom,1
vengeance!,1
vengeance,1
vast,1
varnish,1
variable,2
vapours.,1
vantage.,1
vantage,1
vanquisher,,1
vanish'd,1
valour,,1
validity;,1
valiant,2
valanc'd,1
vain,1
vailed,1
vacancy,,1
utter,1
utt'red.,1
utt'rance,1
usurp'st,1
usurp,1
usual,1
uses,3
use.,1
use,13
us?,1
us.,6
us,-,1
us,,15
us'd;,1
us'd,1
us!,1
us,46
upspring,1
upshot,,1
upon.,1
upon-,1
upon't,,1
upon't!,1
upon,38
uphoarded,1
up;,3
up.,3
up-,1
up,,2
up,28
unyoke.,1
unwrung.,1
unworthy,2
unworthiest,1
unwilling,1
unwholesome,1
unweeded,1
unwatch'd,1
unvalued,1
unus'd.,1
unto,4
untimely,1
unsure,1
unsmirched,1
unskilful,1
unsinew'd,,1
unshaped,1
unshaken,1
unseen.,1
unseen,,1
unseen,1
unseal,1
unschool'd;,1
unsatisfied.,1
unsanctified,1
unripe,,1
unrighteous,1
unreclaimed,1
unproportion'd,1
unprofitable,1
unprevailing,1
unpregnant,1
unpolluted,1
unpack,1
unnerved,1
unnatural;,1
unnatural.,1
unnatural,2
unmatch'd,1
unmast'red,1
unmask,1
unmannerly.,1
unmanly,1
unlimited.,1
unless,2
unknown),1
unknown,1
unknowing,1
unkind.,1
unkennel,1
university,,1
union,2
unimproved,1
unholy,1
unhappily.,1
ungracious,1
ungor'd.,1
ungalled,1
unfortified,,1
unforc'd,1
unfold.,1
unfold,2
unfledg'd,1
unfellowed.,1
uneffectual,1
undo,1
undiscover'd,1
undertakings,1
undertake,2
understanding,3
understand,7
undergo-,1
under,3
uncurrent,1
unction,2
uncle?,1
uncle;,1
uncle.,2
uncle-father,1
uncle,,1
uncle's,1
uncle,4
uncharge,1
unbrac'd,,1
unbated,,1
unanel'd,,1
umbrage,,1
ulcerous,1
ulcer!,1
ugly,1
ubique?,1
tyrant,,1
tyrannous,1
tyrannically,1
twofold,1
two.,2
two,19
twice,4
twenty,,1
twenty,2
twentieth,1
twelve.,2
twelve,,1
twelve,2
twas,1
twain.,1
twain!,1
tutor.,1
tush,,1
turns,1
turneth,1
turn?,1
turn.,1
turn'st,1
turn'd,4
turn,5
turf,,1
turbulent,1
tunes.,1
tunes,,1
tune,2
tumbled,1
tugging,1
try,,1
try,4
truth;,1
truth.,1
truth,4
truster,1
trust,2
truncheon's,1
trumpets,,1
trumpets,1
trumpet.,1
trumpet,4
truly;,1
truly.,1
truly,3
truepenny?,1
true;,2
true:,1
true.,2
true-love,2
true,,2
true!,2
true,13
truant.,1
truant,1
troubles,,1
troubles,1
trouble,2
trophy,,1
trophies,1
trivial,1
triumph,1
tristful,1
trippingly,1
trip,1
trifling,1
trifle,1
tried,,1
tricks?,1
tricks,,1
tricks,1
trick;,1
trick'd,1
trick,2
tribute.,1
tribute,1
tributary,,1
trial.,1
trial-the,1
trial,1
trespass,1
tremble,2
tree,,1
treble,2
treasure,4
treason!,1
treason,3
treads,1
tread,1
treachery.,1
treacherous,,1
treacherous,1
traveller,1
travel?,1
travel,1
trappings,1
translate;,1
translate,1
transformation.,1
transform,1
traitorous,1
trains,1
trail,2
tragical-historical,,1
tragical-comical-historical-pastoral;,1
tragedy,,2
tragedians,1
traduc'd,1
trade,2
trace,2
toys,1
toy,2
town,1
toward,,1
toward,5
tow'ring,1
touching,1
touches,1
touch;,1
touch,,1
touch'd,,1
touch,4
total,1
torrent,,1
tormenting,1
torches.,1
topp'd,1
top,,1
top,6
took,4
too?,1
too;,3
too.,5
too-much.,1
too-,1
too,,5
too,32
tongues,,1
tongues,2
tongue?,1
tongue.,4
tongue,,3
tongue!,1
tongue,6
tomb,1
told,5
tokens.,1
toils,1
toil?,1
together;,1
together.,2
together,6
toe?,1
toe,1
to.,2
to-night?,2
to-night.,3
to-night,,2
to-night!,1
to-night,3
to-morrow.,1
to-morrow,1
to-day,,1
to-day,1
to,,2
to't.,2
to't,,1
to't,3
to',1
to!,2
to,608
tithe,1
tinct.,1
times,7
time;,1
time.,6
time-,1
time,,4
time,32
timber'd,1
till,10
tickle,1
thyself?,1
thyself.,2
thyself-,1
thy,81
thus?,2
thus:,2
thus.,2
thus,,3
thus),1
thus,22
thunders,1
thunder.,1
thunder,1
thumbs,,1
thrown,1
throwing,1
throw,5
throughly,1
through,8
throne,,1
throne,1
throat;,1
throat,3
thrift,,2
thrift,1
thrice,3
three-and-twenty,1
three,8
threats,1
threaten,1
threat'ning,1
thrall'd,1
thousand.,1
thousand,10
thoughts;,1
thoughts.,2
thoughts,12
thought-sick,1
thought,,3
thought,7
though,,1
though,17
thou.',1
thou.,1
thou-,1
thou,,4
thou't,1
thou'lt,1
thou!,1
thou,83
those,19
thorny,1
thorns,1
thither.,1
thither,2
this?,11
this;,1
this:,1
this.,7
this-,2
this,,18
this!,3
this,203
thirty,3
thirties,1
third,,1
third,2
thinks't,1
thinking,4
think?,1
think.,1
think-,1
think,,5
think't.,1
think,36
things,,1
things,9
thing?,1
thing.,1
thing-,1
thing,,2
thing's,1
thing,13
thine;,1
thine.,1
thine,,2
thine,9
thin,1
thieves,1
thicker,1
thick,,1
thick,1
they?,1
they'll,1
they,72
thews,1
these?,1
these,,2
these,32
thereunto),1
thereon,1
thereof,1
therein,1
therefore,7
thereabout,1
there?,2
there;,2
there.?,1
there.-,1
there.,8
there-,1
there,,6
there's,3
there!,1
there,37
thence,2
then],2
then?,5
then;,2
then.,3
then,,12
then,18
themselves,5
theme?,1
theme,2
them?,3
them;,2
them.,16
them,,8
them),1
them!,1
them,43
their,52
thein,1
theft.,1
thee?,4
thee;,1
thee.,9
thee,,8
thee!,2
thee,35
theatre,1
the,929
that?,7
that;,1
that.,9
that-,1
that,,17
that's,8
that!,1
that,225
thanks?,1
thanks;,2
thanks.,2
thanks,2
thank,9
than,38
th's,1
th'art,1
th',,1
th',60
tetter,1
tether,1
test,,1
terms,,2
terms,3
term,2
tenures,,1
tent,1
tennis';,1
tenders,,1
tenders,2
tender,3
tend;,1
tend.,1
tend,,2
tenants.,1
tenantless,,1
tenable,1
ten,4
tempt,3
temple,1
tempest,,1
temperately,1
temperance,1
temper'd,1
tells,1
tell.,1
tell,,1
tell!,1
tell,36
teeth,,1
teeth,1
tediousness,1
tedious,2
tears;,1
tears-,1
tears,4
tear.,1
tear,2
teach,4
tax'd,1
tax,1
tatters,,1
taste,1
task,1
tarre,1
target;,1
tardy,2
tanner,1
tann'd,1
tame,,2
tame,1
talk'd,2
talk,2
tale,4
takes,,2
takes,6
taken,2
take,26
taints,1
tables.,1
tables!,1
table.,2
table!,1
table,4
ta'en,2
t'other,1
t',3
synod,1
sworn.,1
sworn,,1
sworn't.,1
swore,1
swords,,1
sword.,6
sword,,7
sword,4
swoopstake,1
swinish,1
swift,2
sweet;,1
sweet,,2
sweet!,1
sweet,18
sweep,2
sweaty,1
sweat,2
swearing,,2
swear.],1
swear.,1
swear't.,1
swear,1
swagg'ring,1
swaddling,1
sustain,1
suspiration,1
survivor,1
surrender,1
surmise.,1
surely,1
sure,,2
sure,6
suppress,2
supposal,1
supply,1
suppliance,1
supper?,1
supper.,1
supervise,,1
superfluous,1
sun;,1
sun.,2
sun,,1
sun,5
summons.,1
summit,2
sum.,1
sultry,,1
sultry,1
sulph'rous,1
sullies,1
suits,,1
suits,2
suiting,1
suit.,1
suit,1
sugar,1
suffers,3
suffer,3
suff'ring,1
suff'red,1
suddenly,1
sudden,5
suck'd,2
such;,1
such.,1
such-like,1
such,48
successive,1
succession.,1
succession,1
substance,2
subject;,1
subject,2
sty!,1
stung,1
stuff;,1
stuff,2
study,1
student.,1
stuck,,1
stubbornness.,1
stubborn,1
strutted,1
strumpet.,1
strumpet,1
struggling,1
strucken,1
struck.,2
struck,4
strongest,1
stronger,4
strong.,1
strong,3
strokes.,1
strings,1
strikes,1
strike,,1
strike,1
strife,,1
strict,2
strewments,,1
strew'd,1
strew,1
strength,,1
strength,1
streets;,1
streets,,1
stream.,1
straws;,1
straw.,1
straw,1
stranger,1
strangely?,1
strangely,,1
strange;,1
strange.,2
strange,,1
strange!,1
strange,4
straight.,4
stow'd.,1
stoups,1
stoup,1
story.,1
story,,1
story,1
storm,,1
stops;,1
stops.,1
stopping,1
stop,3
stooping,1
stood,,2
stood,3
stonish,1
stones,,1
stone.,1
stone,,1
stomach,1
stole,,1
stole,2
stockings,1
stock,1
stithy.,1
stirring.,1
stirr'd,1
stir,,1
stir,4
sting,2
still;,2
still.,1
still,,4
still,9
stiffly,1
sticks,1
stick.,1
stick,1
steward,,1
stern,1
sterling.,1
sterile,1
steps,1
step,2
steep'd,1
steep,1
steel;,1
steel,,2
steals,1
stealing,1
stealers!,1
steal,1
stays.,1
stay,,1
stay'd,2
stay,7
statutes,,1
statists,1
station,2
stately,1
state.,3
state,,5
state!,1
state,6
started,,1
start,3
stars,,2
stars,2
star.,1
star,,1
star,4
stands,,1
stands,3
standing,1
stand.,1
stand,,1
stand,10
stamp,2
stalks,1
stalk,1
stale,,1
stake.,1
stair,,1
stain'd,,1
staid,1
stages,1
stage;,1
stage.,2
stage,2
staff,1
squeezing,1
squeak,1
spurns,1
spur,1
springs,1
springes,1
springe,,1
spring!,1
spring,2
spread,2
spots,1
sport,2
sponge,,3
spokes,2
spoken,,1
spoken,1
spoke,2
split,1
splenitive,1
spite,1
spirits,,1
spirits,4
spirit.,2
spirit-,1
spirit,,3
spirit!,1
spirit,7
spilt.,1
spills,1
spies.,1
spheres,,1
sphere,,1
spent.,1
spendthrift,1
spend,1
speedy,1
speedier,1
speed,,1
speed,3
speechless,,1
speeches,1
speech;,1
speech.,2
speech,,5
speech,8
spectators,1
special,3
speaks.,1
speaks,,1
speaks,4
speak;,2
speak.,5
speak,',1
speak,,4
speak!-,1
speak!,4
speak,36
sparrow.,1
spark,1
spake,,1
spades,1
spade.,1
spade,,2
spade!,1
spacious,1
space,,1
sovereignty,1
sovereign,3
southerly,1
source,2
sounds,1
sounded,,1
sound;,1
sound,,2
sound,3
souls?,1
souls.,1
souls,,2
souls,1
soul.,1
soul,,9
soul's,1
soul!,3
soul,21
sorts,1
sort,3
sorry.,1
sorry,,1
sorry,2
sorrows,1
sorrow.,1
sorrow,,1
sorrow,4
sore,3
sooner,2
soon.-,1
sons,,1
songs?,1
songs,,1
song?,1
son?,1
son.-,2
son.,2
son-,1
son,,5
son's,1
son,11
somever,1
sometimes,3
sometime,3
something-settled,1
something!,1
something,10
some,51
solidity,1
solid,1
solicitings,,1
solicited-,1
soles,1
solemn,3
sole,1
soldiers,,2
soldiers',1
soldiers,2
soldier.,1
soldier's,,1
soldier,2
sold,1
soil'd,1
soil,1
softly,1
soft!,5
soft,2
soe'er,1
society,1
sober,,1
soaks,1
so?,7
so;,1
so.',1
so.,19
so-,1
so,',2
so,,13
so';,1
so!),1
so!,2
so,96
snuff,1
snow?,1
snow-,1
snow,,2
snatches,1
smote,1
smoothness.,1
smooth,2
smiling,,1
smiling,2
smiles,1
smile,,2
smelt,1
smells,1
smelling,1
smear'd,1
smart,1
small,1
slow,3
sliver,1
slips,1
slings,1
slightly,,1
slightly,1
slight,1
slender,1
sleeps.,2
sleeps,2
sleeping,,1
sleeping,2
sleeper's,1
sleep:,1
sleep.,3
sleep-,2
sleep,,2
sleep,3
sledded,1
slay,1
slave,,1
slave's,1
slave,3
slaughters;,1
slaughter.,1
slander-],1
slander,1
slain?,1
slain;,2
slain,,1
slain!,1
slain,1
skyish,1
skull].,1
skull.],3
skull,,2
skull,4
skirts,1
skin,1
skill.,1
skill,2
siz'd,,1
sixteen,1
six,3
sitting,1
sits.,1
sits,2
sit,7
sister,,4
sister's,1
sister,3
sirs.,2
sirrah?,1
sir?,5
sir;,8
sir.-,1
sir.,14
sir-,1
sir,-,1
sir,',1
sir,,29
sir!,3
sipping,,1
sins,1
sinners?,1
sings.,1
sings,1
single,2
singeth,1
sing?,1
sing,4
sinews,,1
sinews,1
since?,1
since,,1
since,7
sin,,1
sin's,1
sin,1
simples,1
simple,1
silver'd.,1
silence.,1
silence,4
signify,2
signet,1
sight?,2
sight.,1
sight,,3
sight,3
sighs.,1
sigh,,2
sigh,2
sift,1
siege.,1
sides;,1
sides.,2
side.,1
side,1
sickness,,1
sickness,1
sickly,2
sicklied,1
sick,4
shut,1
shuffling;,1
shuffling,,1
shuffled,1
shrunk,1
shrouding,1
shroud,1
shriving,1
shrill-sounding,1
shrewdly;,1
shreds,1
shows,7
shown,,1
shown,1
showing.,1
showers.,1
show-,1
show,,2
show,19
shovel,,1
shove,1
shouldst,2
shoulder],1
shoulder,2
should,51
shot-,1
shot,5
shortly,4
shortens,1
short;,1
short,,1
short,3
shoot.,1
shoon.,1
shook,1
shoes,,1
shoes,1
shoe?,1
shocks,1
shirt,,1
shipwrights,,1
shipwright,,2
shipped,1
ship;,1
ship,1
shine,,1
shift,1
shepherds,1
shent,,1
shell,1
shelf,1
sheets!,1
sheeted,1
sheet;,1
sheepskins?,1
sheep,1
sheen,1
she,,2
she's,1
she'll,2
she,35
shatter,1
sharp,1
share.,1
shapes,3
shape;,1
shape.,1
shape,,1
shape,3
shameful,1
shame!,3
shame,5
shalt,5
shall;,1
shall,,5
shall,103
shaking,1
shake,2
shadows.,1
shadow.,2
shadow's,1
shadow,1
sexton's,1
sexton,1
sewing,1
several,1
seven,1
settled,1
sets,2
set,20
service.,3
service-,1
service,4
serves,2
serve,2
servants;,1
servants,1
servant,2
serv'd.,1
serv'd,1
serpent,2
serious,1
sergeant,,1
sere;,1
sequent,1
sequel,1
sepulchre,1
sent,,1
sent,12
sensibly,1
sensible,1
senseless,2
sense.,3
sense,,2
sense,7
sends,4
sending.,1
sending,1
send,3
semblable,1
self-slaughter!,1
self,1
select,1
seiz'd,1
seest,1
sees,2
seen.,2
seen,,3
seen,17
seems,4
seeming.,1
seeming-virtuous,1
seem,,1
seem'd,2
seem,8
seeks.',1
seeks,1
seek,7
seeing;,1
seeing,3
seein,1
seed;,1
see?,1
see;,1
see:,1
see.,6
see,,3
see't.,1
see!,1
see,29
seduce!-,1
secure,2
secrets,1
secret?,1
secret,,1
secret,2
secrecy,,1
secrecy,2
second,,1
second,9
seated,1
seat,,1
seat,1
seasons,1
seasoned,1
season,,1
season,4
seas,,1
search.,1
seals,1
seal;,1
seal,,1
seal'd?,1
seal'd;,1
seal'd,3
seal,1
sea-gown,1
sea-fight;,1
sea,,2
sea,4
se,1
scullion!,1
scuffling,,1
scruple,1
scrimers,1
screen'd,1
scratch'd,1
scourge,2
scorns,1
scorn,1
scopes,1
scope,,1
scope,2
sconce,1
schoolfellows,,1
school,1
scholars,,1
scholar;,1
scholar's,,1
scent,1
scenes,,1
scene,3
scarf'd,1
scarcely,2
scarce,2
scape,2
scanter,1
scant,1
scann'd.,1
scandal.,1
scandal,1
scale,2
scald,1
says:,1
says,7
saying,1
say?,2
say;,1
say.,1
say-,1
say,,11
say),1
say'st!,1
say'st,1
say!,1
say,30
saws,1
saw't.,1
saw,11
savoury,,1
save,3
savageness,1
satyr;,1
satisfied,1
satisfaction;,1
satirical,1
sate,2
sat,1
sans,1
sanity,1
sandal,1
sanctuarize;,1
sanctified,1
same.,1
same,,1
same,10
salvation?,1
salvation,1
salt,3
sallets,1
sale,',1
salary,,1
sail.,1
sail,,2
said.-,1
said.,2
said,,4
said,8
safety,-,1
safety,,1
safety,3
safely,,1
safe,2
sadness,,1
sadly,1
sacred,1
sables.,1
sables,1
sable,2
rusty?,1
russet,1
runs,2
run,1
rule,,1
rul'd;,1
rul'd.,1
rul'd,1
ruin.,1
rugged,2
rue,2
rude,2
rub!,1
rub,1
royally;,1
royal,3
row,1
rouse;,1
rouse,,1
rouse,1
round,6
roughly.,1
rotten,2
rots,1
rot?,1
roses,1
rosemary,,1
rose,4
room.-,1
room,12
roof,1
rood,,1
romage,1
rogue!,1
rogue,2
rock,1
robustious,1
robe,,1
roars,1
roar?,1
roar,1
rivet,1
river,1
rivals,1
rites?,1
rites,1
rite,1
rises.,1
rises,1
rise,,1
rise,1
ripe,1
riotous,1
ring?,1
ring.-,1
rights,2
right.,2
right,,2
right!,3
right,4
richer,1
rich.,1
rich,,1
riband,1
rhym'd.,1
rheum;,1
rhapsody,1
reword;,1
rewards,,1
rewards,1
revolution,,1
reverted,1
reverend,1
revenue,1
revengeful,,1
revenge.,3
revenge,,2
revenge!,2
revenge,3
reveng'd.,1
reveng'd,,1
reveng'd,1
revels,,1
revel,1
reveal,1
returns-,1
returns,,1
returneth,1
return.,1
return,,1
return'd.,1
return'd,3
return,3
retrograde,1
retirement,,1
retain,1
rests?,1
rests,1
restrain'd,,1
restore,1
rest;,1
rest,,1
rest!,2
rest,9
responsive,1
respects,1
respect,2
resort,,1
resolve,1
resolution,1
resolutes,,1
residence,,1
reserve,1
reserv'd,1
resemble,1
requite,1
requiem,1
request.,1
reputation,1
repulsed,,1
repose,1
report,5
reply.,2
replies,1
replication,1
repentance,1
repent?,1
repent;,1
repel,1
repair,2
rendezvous.,1
render,1
rend,1
removed,1
remove;,1
remove,,1
remorse,1
remiss,,1
remembrances,1
remembrance.,2
remembrance,2
remember?,1
remember.,2
remember,,1
remember,3
rememb'red.,1
remedy.,1
remains,,1
remains,2
remainder,1
remain,2
relish,2
religious,1
religion,1
reliev'd,,1
reliev'd,1
relief,1
relative,1
reigns,1
region;,1
region,1
regards,1
regard,,1
regard,1
reform'd,1
reform,1
reels,,1
reechy,1
redeliver,1
rede.,1
red?,1
red,1
recovery,1
recoveries.,1
recoveries,,1
recover,3
recount,1
records,,1
recorders.,1
recorders!,2
reconcilement,1
recognizances,,1
recks,1
reckoning,1
reckon,1
reckless,1
receive,7
receiv'd,2
rebuke,1
rebels,,1
rebellion,1
reasons,,2
reason.,1
reason,,2
reason!,1
reason,10
rear,1
realm,1
really.,1
ready;,1
ready.,2
ready,1
reading.,1
reading,1
readiness,1
read,,3
read,1
reaches,1
reach,,1
re-deliver.,1
raz'd,1
rawer,1
raw,1
raves,,1
raven,1
ravel,1
ratifiers,1
ratified,1
rather,,2
rather,3
rate,,1
rate,1
rat?,1
rat,,1
rat!',1
rashness,1
rash,,2
rash,1
rascal,,1
rareness,1
rare,,1
rapiers,,1
rapiers,2
rapier,,1
rapier,1
rant,1
ranker.,1
ranker,1
rank,,2
rank,5
range.,1
rais'd,1
rain'd,1
rain,1
rags,,1
rages,,1
rage;,1
rage,2
radiant,1
rack,1
race,1
rabble,1
quoted,1
quite,,1
quite,2
quit,2
quintessence,1
quills,1
quillets,,1
quietus,1
quietly,1
quiet.,1
quiet,4
quiddits,1
quicksilverr,1
quickness.,1
quickly,1
quick;,1
quick.,1
quick,6
questionable,1
question:,1
question.,2
question,,2
question,10
quest,1
queen?,1
queen.,2
queen-',1
queen,,4
queen'?,1
queen',1
queen,2
quarter'd,,1
quarry,1
quarrelling,,1
quarrel;,1
quarrel,1
quantity,,1
quantity,3
quality.,1
quality,3
qualifies,1
quake,1
quaintly,1
puzzles,1
puts,4
put,22
push.-,1
pursy,1
pursuest,1
pursue,2
purse,,1
purse,2
purposes;,1
purposes.,1
purposes,1
purpose.,2
purpose,,4
purpose,5
purpos'd,,1
purpos'd,1
purport,1
purples,,1
purging,2
purgation,1
purg'd,1
purer,1
pure.,1
pure,2
purchases,,1
puppets,1
punish'd,1
punish,1
pulse,1
puff'd,,1
puff'd,1
public,1
provoke,1
providence,2
provided,1
provide.,1
proverb,1
prove,,1
prove,2
prov'd,,1
prov'd,2
proud,,1
proud,2
protestation,1
protest,1
prosperously,1
props,1
proposer,1
propose,,1
proportions,1
prophetic,1
prophesy,2
property,3
proper,1
proof.,2
proof,,1
proof,3
pronouncing,1
pronounce.,1
pronounc'd.,1
pronounc'd,1
promontory;,1
promise-cramm'd.,1
promise,,1
promis'd,2
prolongs,1
prologue,,1
prologue,2
project,1
progress,1
profoundest,1
profound,2
profit,,1
profit,2
profession.,1
profanely),,1
profane,1
prodigal,2
proclaims,2
proclaim'd,1
proclaim,1
procession],,1
process.,1
process,,1
process,1
proceeding,1
proceeded,1
proceed?,1
proceed,1
probation.,1
prize,1
privy,1
privates,1
private,1
prithee,,1
prithee,2
prisoner.,1
prisoner,1
prison.,2
prison,3
princes,1
prince,,3
primy,1
primrose,1
primal,1
priest,,1
pride,,1
prick'd,1
prick,1
prey,1
prevent,,1
prevent,1
pretty,1
prettiness.,1
pressures,1
pressure.,1
presentment,1
presently.,3
presently,2
present,4
presence.,1
presence,2
prescripts,1
prepare,2
preparations,,1
preparation,1
prepar'd,1
prenominate,1
pregnant,2
precurse,1
precisely,1
precious,2
precepts,1
preceding,1
precedent,2
preaching,1
praying;,1
prayers,,2
prayer,2
pray;,1
pray.,2
pray'st,1
pray,17
prate,1
pranks,1
praises,1
praise,,1
praise,1
prais'd,2
practices,1
practice.,1
practice,,1
practice,2
powers,,1
powers,2
powerfully,1
power;,1
power,7
pours,1
pour'd,1
pour,1
pound!,1
potion!,1
potently,1
potent,2
potency.,1
posy,1
postscript,1
post;,1
post-haste,1
post,1
possible?,2
possible,2
posset,1
possession,1
possess'd,1
portraiture,1
portentous,1
portal!,1
porpentine.,1
porches,1
poor,19
poniards,,1
ponderous,1
pomp,,1
poll.,1
politic,1
policy,1
pole,1
poisons,1
poisoning?,1
poisoned,1
poison'd.,2
poison'd,1
poison,6
points,1
point:,1
point,5
poet,1
poem,1
pocky,1
pocket!,1
ply,1
plurisy,,1
plunge,1
plum-tree,1
plucks,1
pluck,2
plots,2
plot,1
plentiful,1
pledge.,1
pleasures,,1
pleasures,1
pleasure.,2
pleasure,2
pleasing,1
please;,2
please.,1
please,9
pleas'd,2
plays,1
playing,,2
players.,2
players,,1
players,11
player,2
play?,2
play;,2
play.),1
play.,11
play,,4
play's,1
play'd,3
play,17
plausive,1
platform,,1
platform,3
plast'ring,1
planets,1
plain,1
plague,,1
plague,1
places,1
placed,1
place.,2
place,,2
place,5
plac'd,2
pity;,1
pity,2
pitiful,1
pitied.,1
pith,3
piteous,3
pit!,1
pit,1
pirate,1
pipe?,2
pipe,1
pious,3
pioner!,1
pin's,1
pile,1
pigeon-liver'd,1
pierce,1
pieces,1
piece,,1
piece,6
picture,,1
picture,1
pickers,1
picked,1
pickaxes].,1
pickaxe,1
pick'd,1
physic,1
phrase;,1
phrase.,1
phrase,,3
phrase,5
philosophy.,1
philosophy,1
petty,2
petition,,1
petar;,1
pestilent,2
pestilence,1
pester,1
peruse,1
perusal,1
perturbed,1
persuade,1
persons,1
personal,1
person.,1
person,,1
person,2
persever,1
pernicious,1
permanent-,1
periwig-pated,1
perilous,1
perhaps,,1
perhaps,3
perfume,2
performance.,1
perform;,1
perform'd,,1
perform'd,1
perfections.,1
perfect,1
perdy.,1
perdition,1
perchance,,1
perchance,3
perceive?,1
perceiv'd,1
people,1
penetrable,1
pendant,1
pelican,,1
peevish,1
peep;,1
peep,1
peculiar,1
pebbles,1
peating,1
peasant,2
pearl,1
peal,1
peak,1
peace;,1
peace.,3
peace-parted,1
peace,,1
peace,2
pay,,1
pay,3
pause.,2
pause,,1
pause,1
patiently.,1
patient;,1
patient,2
patience.,1
patience!,1
patience,3
path,1
pate,4
patches!-,1
patch,2
pat,,1
pastors,1
pastoral-comical,,1
pastoral,,1
pastime?,1
pastime.,1
past;,1
past.,1
past,1
passionate,2
passion.,1
passion,,4
passion's,1
passion,6
passing,2
passeth,1
passes,1
passages,1
passage?,1
passage,2
pass,,1
pass,4
party,1
parts,3
partisan?,1
particular.,1
particular,7
partial,,1
part;,1
part,,4
part),1
part,18
parley.,1
parle,,1
pardon.,1
pardon,,1
pardon't,,1
pardon'd,2
pardon,4
parchment,1
parching,1
paragon,1
paradox,,1
paper.],2
pansies,,1
pangs,1
panders,1
palpable,1
palmy,1
palm,2
pall;,1
pales,1
pale.,2
pale,4
pajock.,1
pair,2
paintings,1
painting,1
painted,2
paint,1
pain,,1
paid,1
pagan,,1
paddock,,1
paddling,1
packing.,1
packet,,1
paces,1
pace;,1
pace,1
owner,1
own;,1
own.,2
own,36
owl,1
overthrown;,1
overpeering,1
overlook'd,1
overdone,,1
overdone,1
overcome,1
overcame,1
over-happy.,1
over,3
outwards),1
outward,2
outstretch'd,1
outrageous,1
outlives,1
outlive,1
outface,1
outbreak,1
out;,1
out.,4
out-herods,1
out,,4
out,40
ourselves.-,1
ourselves.,2
ourselves,,1
ourselves,9
ourself,,1
ourself,2
ours,,2
our,107
otherwise?),,1
otherwise.?,1
otherwise.,1
others.,3
others,,1
others,2
other.,1
other,,4
other,11
ostentation,-,1
orisons,1
origin,-,1
origin,1
organ.,1
organ,,2
ore,1
ordnance,2
ordinant.,1
orderly,1
order,,1
order,2
orchard,,2
orbed,1
orb,1
or,,1
or,81
oppressor's,1
oppression,1
oppress'd,1
opposition,2
opposites.,1
opposite,1
opposing,1
opposed,1
oppos'd,1
opinions;,1
opinions,1
opinion,,1
operant,1
open'd,,1
open,2
ope,1
op'd,1
only,6
ones,2
one?,1
one;,2
one.,4
one-,2
one,,1
one,29
once;,1
once.,5
once,,1
once,10
on;,2
on.,9
on,,6
on),,1
on't?,2
on't.,1
on't,,1
on't!,4
on!,2
on,99
ominous,1
omen,1
old,,1
old,18
often,3
oft.,1
oft,10
offices.,1
officers,1
officer.,2
office,,1
offer,,1
offer'd,1
offer,2
offends,1
offender's,1
offendendo;,1
offended.,3
offend,1
offences,1
offence?,2
offence.,1
offence,,1
offence,5
offal.,1
off.,5
off,,3
off!,1
off,12
of?,1
of.,2
of,,1
of!,1
of,625
odds.,2
odds,1
odd,2
ocean,,1
occurrents,,1
occulted,1
occasions,1
occasion.,1
occasion,2
obstinate,1
observers-,1
observe,1
observation,1
observant,1
observance.,1
observance,,1
observ'd,1
obsequious,1
obsequies,1
obscure,1
oblivion,,1
obligation,2
objects,,1
object,1
obeys,,1
obey,,3
obey,4
obedience,,2
oaths.,1
oath,,2
o'erwhelm,1
o'erweigh,1
o'ertop,1
o'ertook,1
o'erthrown!,1
o'erteemed,1
o'ersways,1
o'erstep,1
o'ersized,1
o'errule,1
o'erreaches;,1
o'erraught,1
o'erleavens,1
o'erhear,1
o'erhasty,1
o'erhanging,1
o'ergrowth,1
o'erdoing,1
o'ercrows,1
o'er,12
o',10
nutshell,1
nunnery.,2
nunnery,,2
nunnery!,1
numbers;,1
numbers,1
noyance;,1
nowhere,1
now?,6
now;,1
now.,4
now-a-days,1
now-,1
now,,20
now!,3
now,36
nothing;,1
nothing.,4
nothing-,1
nothing,,2
nothing's,1
nothing!,2
nothing,16
notes,,1
noted,1
note;,1
note,5
not?,4
not;,2
not.,13
not-,1
not,,17
not!,1
not,259
nose?,1
nose,1
northerly.,1
north-north-west.,1
nor,21
nony,,2
nony),1
none.,3
none,7
nonce;,1
non,1
nomination,1
noise?,1
noise.,1
noise,,1
noise,7
nods,1
noblest,1
nobler,1
noble,17
nobility,1
no?,2
no.,1
no,,4
no!,2
no,88
nipping,1
nine,,1
nine,2
nill,1
nights,3
nightly,1
nightgown.,1
nighted,1
night;,1
night.-,1
night.,7
night-,1
night,,13
night's,1
night,13
nickname,1
next,,1
next,3
news?,1
news.,1
news,,1
news,7
newly,1
new-hatch'd,,1
new-born,1
new,2
never,,2
never,16
neutral,1
nettles,,1
nerve.,1
nephew's,2
nephew,3
neither;,1
neither.,1
neither,,1
neither,5
neighbour'd,1
neighbour,1
negligence,,1
neglected,2
neglect.,1
neer,1
needs,7
needfull,1
needful,1
need,,1
need,3
neck.,1
neck,2
necessity,,1
necessary,2
necessaries,1
nearer,2
near.,1
near!,1
near,8
ne'er,2
nave,1
naught,,1
naught!,1
natures.,1
nature;,2
nature:,1
nature,,8
nature's,1
nature,15
natural,,1
natural,4
native,4
nations;,1
nation.,1
nation,2
nasty,1
narrow,1
napkin,,1
name;,1
name.,1
name,,1
name's,1
name,8
naked,1
mystery;,1
myself.,2
myself,-,1
myself,,3
myself,6
my,444
mutinies,1
mutine,1
mutes,1
mute,1
musty.,1
must;,1
must,55
music.,3
music,,1
music!,2
music,2
murtherer.,1
murtherer,2
murther.,2
murther-,1
murther,,1
murther'd,,1
murther'?,1
murther!,2
murther,4
murd'rous,,1
murd'ring,1
multitude,,1
muddy-mettled,1
muddy,1
muddied,,1
much,,3
much,44
mows,1
moving,1
moves,2
move;,1
move,5
mov'd,,1
mouths,1
mouth,,4
mouth'd,,1
mouth,2
mouse;,1
mouse,1
mourning,1
mourn'd,1
mourn,1
mountebank,,1
mountains,,1
mountains,1
mountain,3
mount,,1
mount,1
moult,1
mould,1
motive,,1
motive,4
motion;,1
motion,,2
motion,1
mothers,,1
mother;,1
mother.,9
mother,,7
mother's,6
mother!,4
mother,14
mote,1
most,70
mortis'd,1
mortal,5
morrow,,1
morning;,1
morning,4
morn,,2
morn,1
more;,2
more.,8
more,,7
more!,4
more,68
mope.,1
moor?,1
moons,1
moon.,2
moon,,2
moon,1
moods,,1
mood,1
monument.,1
months,,1
months,3
month-,1
month,,3
monstrous,1
monsters,1
monster,,1
money,2
monarchs,1
moment,2
mole!,1
mole,1
moist,1
moiety,1
moe,1
modesty;,1
modesty,3
modesties,1
moderate,1
model,1
mockery.,1
mock,4
mobled,2
moan.,1
mixture,1
mistress?,1
mistress,2
mistook,1
miss,1
mischief.,1
mischance,2
mirth,,1
mirth,1
mirror,,1
mirror,1
miraculous,1
minutes,1
minute;,1
ministers,1
minister.,1
minist'ring,1
mining,1
mines,1
mineral,1
mine;,1
mine.,2
mine,,1
mine),,1
mine),1
mine!,1
mine,21
minds.,1
minds,1
mind.,1
mind,,3
mind's,2
mind,8
million,,1
milky,1
milk,,1
mildew'd,1
milch,1
mighty,1
mightiest,1
mightier.,1
might,',1
might,,1
might,28
midnight,1
middle,2
miching,1
mew,,1
mettle,1
methought,2
method,,1
method,1
methinks.,1
methinks,3
metals,1
metal,1
met,1
messengers,,1
messenger,1
message,1
mess.,1
merry?,1
merry,,1
merriment,1
mermaid-like,,1
merit,2
merely.,1
merely,1
mere,3
mercy;,1
mercy,,1
mercy,2
mend,1
men.,1
men,,2
men's,3
men,9
memory,,3
memory,7
melt,,1
melt,1
melodious,1
mellow,1
melancholy,,1
melancholy,1
meeting.,1
meeting,1
meet.,4
meet,3
meed,1
meditation,1
medicine,1
meats,1
meant?,1
meant,3
means.,1
means,,5
means!,1
means,13
meaning.,1
mean?,1
mean,,6
mean,4
me?,10
me;,4
me.-,1
me.',1
me.,35
me-with,1
me-,2
me,,30
me),,1
me'?,1
me!-,1
me!,4
me,144
mazzard,1
mayst,1
may.,2
may,,1
may,59
matters?,1
matters,1
matter?,3
matter.,6
matter-,1
matter,,3
matter!,2
matter,12
matron's,1
matin,1
match'd,,1
match,1
masters;,1
masters,1
masterly,1
master's,1
massy,1
mass,,3
mass,1
mason,,2
marvellous,1
marvell's,1
marvel,1
martial,1
mart,1
marshal,1
marry,,6
marry!,1
marry,2
marrow,1
married.,1
married,2
marriages.,1
marriage.,1
marriage,,2
marriage,3
market,1
mark.,3
mark,,1
mark,5
margent,1
marching;,1
march?,1
march.,1
march,2
marble,1
many.,1
many,17
mantle,1
manners,,1
manners),1
manner,1
mandate;,1
man;,1
man.,6
man,,10
man's,5
man!,1
man,32
malicious,2
malhecho;,1
malefactions;,1
making,2
makes,14
make,,2
make,43
majesty,4
majestical,,1
majestical,1
maintains,1
mainly,1
main,,1
main,3
maimed,1
maids',1
maids,1
maiden,2
maid,,3
maid's,1
maid,3
magic,1
maggots.,1
maggots,1
madness?,1
madness;,1
madness.,3
madness,,4
madness!,1
madness,11
made.,1
made,,1
made,28
madam;,1
madam.,1
madam,,4
madam!,1
mad?,2
mad.,4
mad,,3
mad!,1
mad,7
machine,1
lying.,1
luxury,1
lust,,1
lust,1
lungs?,1
lungs,1
lunacy?,1
lunacy.,1
lunacies.,1
lug,1
lowest,1
low,1
lovingly;,1
loving,3
loves.,2
loves,,2
loves,3
lover,1
loved,2
love?,2
love;,1
love.-,1
love.,6
love-,2
love,,13
love),1
love,39
lov'd.,1
lov'd,4
loudly,1
loud,,1
loud,2
lot,,1
lost;,2
lost,,2
lost,4
loss,1
losing,1
loses,1
loser?,1
lose.,1
lose,6
lordship?,1
lordship.,1
lordship,,1
lordship!,1
lordship,4
lord?',1
lord?,31
lord;,9
lord:,1
lord.,61
lord-,4
lord,,81
lord's,1
lord!,13
lord,3
loosed,1
loose!,1
loose,1
looks;,2
looks,,2
looks,3
look?,1
look,,2
look'd,4
look,18
longer.,1
longer),1
longer,3
longed,1
long?,2
long;,1
long.,2
long,10
loneliness.-,1
loins,,1
loggets,1
lofty,1
lodge,1
lodg'd,1
locks,1
lock'd.,1
lock'd,,1
lock,2
lobby.,2
loathsome,1
loan,1
loam;,1
loam,1
load,1
lo!,1
living,2
lives,3
livery,,2
livery,1
lived,1
live;,1
live.,1
live,,1
live,13
liv'st;,1
liv'd!,1
littlest,1
little.,2
little,,1
little,15
lists,,1
list,,2
list!,1
list,3
lisp;,1
liquor.,1
liquor,1
liquid,1
lips,,1
lips,1
lion's,1
link'd,,1
lines.,1
lines,2
line-,1
line,1
limed,1
limbs,,1
limbs,1
likewise,1
likes,3
likeness.,1
likely,,1
likelihood,1
like.,4
like,,2
like,67
lights,,1
lights!,1
lights,1
lightness,,1
lightest,1
lighted,1
light.,1
light,,1
light!,1
light,6
lifted,1
life?,1
life.,6
life-rend'ring,1
life-,1
life,,12
life,13
liest.,1
liest,2
lies,6
lien,1
liegemen,1
liege.,1
liege,,2
lie,,2
lie,8
lids,1
lick,1
license,1
liberty.,1
liberty,,3
liberty,1
libertine,,1
liberal-conceited,1
liberal,2
liar;,1
lewdness,1
levies;,1
levies,,1
levied,1
level,2
letters.,1
letters,,1
letters,6
letter.,1
letter),1
letter,1
lets,3
let's,5
let,52
lest,3
lesson,1
lesser,1
less,,2
less,6
leperous,1
lenten,1
length?,1
length;,1
length,2
lender,1
lend,4
leisure.,1
leisure,,1
leisure,2
legs.,1
left.,1
left,2
lecture,1
lecherous,,1
leaves,,1
leaves,3
leave?,2
leave.,4
leave,,1
leave,17
least,,1
least,1
learning;,1
learn,1
leaping,1
leans,1
lean,1
leads,1
lead,4
lazar-like,,1
lays,1
laying,2
lay,7
lawyer?,1
lawless,2
law?,1
law;,1
law.,1
law,,1
law's,1
law,3
laugh,,2
laugh,4
late?,1
late.,2
late-,1
late,,1
late,5
lasts,1
lasting;,1
lasting,1
last.,1
last,,1
last,10
lash,1
larger,1
large,1
lapwing,1
laps'd,1
lap?,2
lank,1
lands,4
land.,1
land,,4
lament;,1
laid,6
ladyship,1
lady?,2
lady.,1
lady,,4
lady's,1
lady,3
lads,,1
ladies.,2
ladies,,1
ladies,1
lacks,1
lack.,1
lack'd,1
lack,5
laboursome,1
labour.,1
labour'd,1
labour,1
la,,1
knows,,2
knows,2
known;,1
known.,1
known,,1
known,5
knowledge,1
knowing,2
knowest,1
know;,2
know.,2
know,',1
know,,12
know't,,1
know'st,2
know,56
knotted,1
knocking,1
knock'd,1
knock,1
knight,1
knife,1
knew'st,1
knew,5
knees;,1
knees,1
kneels.,1
kneels,,1
knee,1
knavish,2
knaves,1
knavery.,1
knavery!),,1
knave.,2
knave,3
klll'd,,1
kites,1
kissing,1
kisses,,1
kisses,2
kiss'd,1
kings;,1
kings,1
kingly,1
kingdom.,2
kingdom,3
king?-,1
king?,2
king;,2
king.,3
king,,7
king's,2
king!',2
king!,1
king,9
kindless,1
kind;,1
kind!,1
kind,10
kin.,1
kin,,1
kills,3
killed,1
kill'd;,1
kill'd,4
kill,4
kick,1
kibe.-,1
key,1
kettledrum,1
kettle,1
kept,4
keeps,3
keep,,2
keep,15
keen.,1
keen,,1
justly,3
justice,,1
just,2
jump,2
juice,1
juggled,1
judicious,1
judgments,,1
judgments,2
judgment;,1
judgment.,1
judgment,,1
judgment,4
judges,,1
judge,3
joys,,1
joys,1
joyfully,1
joy.,1
joy,,2
joy,5
jowls,1
journeys,1
journeymen,1
jot;,1
jot,1
jointress,1
jointly,1
joint.,1
joint-labourer,1
join,2
jocund,1
jig-maker!,1
jig,,1
jig,1
jester.,1
jest;,1
jest,,2
jelly,1
jealousy!,1
jealousy,1
jaws,1
jawbone,,1
jaw;,1
jangled,,1
jade,1
itself?,1
itself,,1
itself,21
it?,5
it;,6
it.-,1
it.,34
it-,1
it,,38
it's,1
it!,6
it,266
issue,2
is;,3
is:,1
is.,4
is-,1
is,,7
is),1
is't;,1
is't-,1
is't,,5
is't,8
is!,2
is,299
inward,3
invulnerable,,1
invites,1
invite,1
invisible,1
investments,1
inventors',1
inventorially,1
inurn'd,,1
intruding,1
into,,1
into,23
intil,1
interpret,1
interim,1
inter,1
intents,1
intent,,1
intent,1
intend,1
instrumental,1
instrument,2
instructs,1
instantly,1
instant,4
instances,1
instance,1
insolence,1
insinuation,1
insert,1
inquire,1
inoculate,1
innovation.,1
innocent,1
inmost,1
inky,1
inhibition,1
inheritor,1
inheritance,1
ingenious,1
infusion,1
inform,2
influence,1
infinite,4
infected,,1
infect,1
infants,1
infallibly,1
inexplicable,1
indued,1
individable,,1
indiscretion,1
indirections,1
indifferently,1
indifferent,3
indict,1
index?,1
indentures?,1
indeed.,6
indeed,,4
indeed,11
increase,1
incorrect,1
incorps'd,1
incontinency.,1
inclining?,1
inclination,2
inclin'd.,1
inch,1
incestuous,,2
incestuous,2
incest.,1
incensed,1
incens'd.,2
incapable,1
in.',1
in.,6
in,,4
in't?,2
in't;,1
in't.-,1
in't.,2
in't-,1
in't,,3
in't,2
in's,5
in!,1
in,382
imputation,1
impression,,1
impress,1
impotent,1
impotence,1
imposthume,1
importunity.,1
importunate,,1
importun'd,1
imports,4
important,1
impon'd,,2
implorators,1
implements,1
impious,1
impetuous,1
imperial,1
imperfections,1
impatient,,1
impasted,1
impartment,1
impart,4
immortal,1
imminent.,1
imminent,1
immediately.,1
immediate,2
imitated,1
imagine-,1
imaginations,1
imagination.,1
imagination,3
image,,1
image,3
illusion!,1
illume,1
ills,1
ill.,1
ill-breeding,1
ill,5
ignorant-,1
ignorant,,1
ignorant,1
ignorance.,1
ignorance,,1
ignorance,1
if,,1
if't,1
if,60
idol,,1
idle.,1
idle,2
ice.,1
ice,,1
i',23
hypocrites-,1
hypocrite;,1
hush,1
husbands.-,1
husbandry.,1
husband.,1
husband,,1
husband's,2
husband,6
hurts,1
hurt.,1
hurt,1
hung,1
hundred.,1
hundred,1
humorous,1
humbly,5
humble,,1
humanity,1
hugger-mugger,1
huge,1
hue,1
howsoever,1
howling.,1
how?,1
how.,1
how,,1
how,29
hover,1
houses,1
house.,1
house,,1
house's,1
house,4
hours.,1
hours,1
hourly,1
hour.,1
hour,,2
hour,5
hot.,1
hot,5
host,1
horses;,1
horses,1
horseback;,1
horse,,1
horse,2
horrors-,1
horridly,2
horrid,2
horrible!,3
horrible,1
hopes;,1
hope,,3
hope,5
hop'd,1
hoops,1
hoodman-blind?,1
hoo!,1
honours.,1
honourable.,1
honourable,2
honour.,3
honour-,1
honour,,1
honour's,1
honour'd,4
honour,5
honeying,1
honey,1
honesty?,1
honesty,4
honest?,1
honest.,1
honest,,2
honest,6
home;,1
home.,1
home,,1
home!,1
home,2
homage,1
holy,2
hollow,1
hole,1
holds,,1
holds,3
hold,,2
hold'st,1
hold,21
hobby-horse,,1
hobby-horse,1
hoar,1
ho,,5
ho!,6
hits;,1
hits.,1
hits,1
hitherto,2
hither?,2
hither,,4
hither,2
hit.,2
hit,,2
hit,2
history.,1
history,,1
historical-pastoral,,1
his.,1
his,,1
his,284
hire,1
hinges,1
hinds.,1
himself;,3
himself.,5
himself,,3
himself,9
him].,2
him?,1
him;,5
him.',1
him.,32
him-,1
him,,27
him),1
him!,6
him,121
hilts,,1
hill:,1
hill.,1
hill,1
highly,1
highest,1
higher,1
high,2
hies,1
hides,1
hideous,,1
hideous,1
hide?,1
hide,3
hid,,1
hid,1
heyday,1
hey,1
herself.,1
herself,5
heroes,1
herein,,1
herein,3
hereafter,1
here?,2
here.-,1
here.,1
here,,8
here's,2
here!,2
here,28
herb,1
heraldry,,1
heraldry,1
herald,1
her?,3
her.,6
her,,6
her,68
hent.,1
hence;,1
hence,3
hems,,1
helps,1
helpful,1
help,,4
help!,1
help,5
hellish,1
hell?,1
hell,,5
hell,4
held,2
heir,1
height,,1
heels,3
heel,,1
heel,1
heedful,1
heed,2
hedge,1
hectic,1
hebona,1
heavy;,1
heavy-headed,1
heavy,,1
heavy,4
heavily,1
heaves,1
heavens,,2
heavens!,3
heavens,1
heavenly,2
heaven?,2
heaven;,2
heaven.,3
heaven-kissing,1
heaven,,13
heaven!,3
heaven,18
heathen?,1
heat,,2
heat,1
hearts,,1
hearts,1
heartily;,1
heartily.,1
heartache,,1
heart?,1
heart;,3
heart.,4
heart,',1
heart,,8
heart's,1
heart!,1
heart,11
hearsed,1
hears,3
hearing,,1
hearing,3
hearers?,1
hearers,1
hearer!,1
heard:,1
heard,,3
heard,10
hear?,3
hear.,5
hear!,1
hear,22
healthful,1
health.,1
health,,1
health,4
heads.,2
head.,5
head-shake,,1
head,,2
head,17
he?,2
he.,1
he,,6
he's,7
he'll,1
he,149
hawk,1
havoc.,1
haviour,,1
havior,1
having,1
have?,2
have.,1
have,,3
have,160
haunt,1
hath,,2
hath,55
hate,1
hatchment,1
hatch,1
hat.],1
hat,1
hasty,1
hasten,1
haste.,2
haste,,1
haste,8
hast,,1
hast,14
has,11
hart,1
harshly,1
harsh;,1
harsh,2
harrows,1
harrow,1
harping,1
harmony.,1
harlot's,1
harlot,1
hardy,1
hard;,1
hard,4
harbingers,1
haps,,1
happy,2
happiness,1
happily,1
happen.,1
haply,2
hap,1
hangers.,1
hangers,,1
hangers,1
hang,,1
hang,3
handsome,1
handsaw.,1
hands,,4
hands!,1
hands,6
hand?,1
hand,,3
hand!,1
hand,13
hams.,1
hammers,1
halt,1
hallow'd,1
hall.,2
hall,2
halfpenny.,1
half,,1
half,3
hairs,,1
hair,1
hadst,2
had,37
habits,1
habit,4
ha?,2
ha't.,1
ha't!,1
ha't,1
ha',1
ha!,1
guts,2
gum;,1
gulf,1
gules,,1
guilty,,2
guilty,4
guiltless,1
guilt,3
guest,2
guards!,1
guarded,,1
guard?,1
guard,,1
guard,1
grunt,1
grows'-,1
grows,3
grown,4
growing,1
grow.,1
grow,7
grounds,1
groundlings,,1
ground?,1
ground.,4
ground,as,1
ground,,2
ground,2
grossly,,1
grosser,1
gross,3
groans;,1
groaning,1
groan.,1
grizzled-,1
grinning?,1
grieves,,1
grieve;,1
grieve,1
griev'd,,1
griefs,1
grief;,2
grief.,1
grief,,3
grief,7
grey,1
grew,1
greetings,1
greeting,1
greeted,,1
greet,1
greenly,1
green,,1
green,1
greatness,1
greatly,1
great,,2
great,24
graves,2
graveness.,1
gravediggers.,1
grave?,2
grave.],1
grave.,2
grave-making?,1
grave-makers.,1
grave-maker?,1
grave-maker.',1
grave,,1
grave's,1
grave,5
gratis;,1
grass-green,1
grass,1
grapple,1
grant,1
grandsire,1
grand,1
grained,1
gracious;,1
gracious,4
graces;,1
graces,1
grace;,1
grace,,3
grace,7
got,2
gorge,1
gore,,1
goosequills,1
goodness,,1
goodness,1
goodly,3
good.,6
good,,2
good!,1
good,71
gone?,1
gone;,1
gone,,6
gone!,2
gone,4
golden,3
gold,,1
going,2
goes.,1
goes-,1
goes,,1
goes,9
gods.',1
gods,,1
gods,1
godlike,1
god!,1
god,3
goblins,1
goblin,1
go;,1
go.,6
go,,6
go!,1
go,35
glowworm,1
glow;,1
globe.,1
glimpses,1
glean,,1
glean'd,,1
glassy,1
glass,2
glares!,1
glad,4
giving,1
gives,6
givers,1
given,9
give,,1
give,37
girl,,1
girdle,,1
gins,1
gilded,1
gifts;,1
gifts-,1
gifts,,1
gifts,2
gibes,1
gibber,1
gib,1
giantlike?,1
ghost,,3
ghost's,1
ghost!,1
ghost,2
gets,1
get,4
gestures,1
germane,1
gentry;,1
gentry,1
gently;,1
gentlewoman,,1
gentlemen.,1
gentlemen,,5
gentlemen!,1
gentlemen,3
gentleman?,1
gentleman.',1
gentleman.,4
gentleman,,1
gentleman,5
gentle,5
generous,,2
generous,1
general;,1
general,6
gender,1
gem,1
gave't,1
gave,8
gauntlets.,1
gaudy;,1
gather,,1
gather,2
gates,1
garrison'd.,1
garments,,1
garlands,1
garland,1
garden,2
gard'ners,,1
garbage.,1
garb,,1
gape,1
gaming;,1
gaming,,2
gambols?,1
gambol,1
galls,2
gallows-maker;,1
gallows,3
galled,1
gallant,1
gall'd,1
gall,2
gait,2
gaingiving,1
gain,2
gaged,1
fust,1
further?,1
further.,1
further,,1
further,9
furnish,1
funeral.,1
funeral-,1
funeral,,1
funeral,2
functions,1
function,1
full,,2
full,8
fulfill'd,1
fruits,1
fruitful,1
fruit,2
frowningly.,1
frown'd,1
frost,1
frontier?,1
front,1
from.,1
from,83
frock,1
frighted,1
friendship,,1
friends.-,1
friends.",1
friends.,3
friends,,6
friends!,2
friends,5
friending,1
friend?,2
friend.,1
friend-,1
friend,,3
friend,4
fretted,1
fretful,1
fret,1
freeze,1
freely,,2
freely,2
free-footed.,1
free,,2
free,7
frankly,2
frame,,3
frame,1
fox,,1
four,5
found,,1
found,4
foul,,2
foul'd,,1
foul,8
fought,1
forward],1
forward,1
forty,,1
fortunes,2
fortune.,2
fortune,,3
fortune's,1
fortune,3
forts,1
fortified,1
fortifications.,1
forthwith,1
forth.,1
forth,,1
forth,3
fort.,2
forms,,2
forms,1
former,,1
former,2
formal,1
form,,1
form,11
forgotten,1
forgot,,1
forgot!',1
forgot!,1
forgot,2
forgone,1
forgiveness,1
forgetting,1
forget.,1
forget,3
forgery,1
forgeries,1
forged,1
forg'd,1
forfeit,,1
forestalled,1
forestall,1
forest,1
foresaid,1
foreknowing,1
foreign,1
forehead,2
fordoes,1
forcing,1
force,,1
force,2
forc'd,2
forbid,2
forbear,1
for?,2
for;,1
for.,4
for-,1
for,,4
for's,2
for,162
foot;,1
foot.,1
foot,1
fools!,1
fools,1
foolish,3
foolery;,1
fool;,1
fool.,1
fool,,1
fool,4
food,,1
food,1
fond,1
folly,1
follows.,1
follows,,1
follows,2
followed,2
follow?,1
follow.,3
follow,,2
follow'd?,1
follow,10
folk,1
foils;,1
foils.,1
foils,,1
foils,3
foil,,1
foil,1
foh!,1
foe,,1
foe,1
fly,,1
fly,4
flushing,1
flush,1
flowers;,1
flowers.],1
flowers.,1
flourishes,,1
flourish.,1
flourish,,1
flourish,2
flood,,1
flints,,1
flights,1
flies,,1
flesh;,1
flesh,4
flaxen,1
flaw!,1
flattering,1
flatter;,1
flatter'd?,1
flats,1
flat,,1
flat,2
flashes,1
flash,1
flaming,2
flames,2
flame,2
flagons,1
flagon,1
fix'd,2
five,,1
five,2
fitting,1
fitted.,1
fits,2
fitness,1
fit.,1
fit,,3
fit,8
fishmonger.,2
fish,2
first;,1
first.,2
first,,1
first,11
firmament,,1
firm,1
fires,,1
fire?,1
fire;,2
fire.,3
fire-,1
fire,,4
fire,1
fingers,,1
fingers,4
finger,1
fines,,2
fine.,1
fine,,2
fine,7
finds,3
finding,2
find'st,1
find,17
film,1
fill.,1
fill,1
filial,1
figure?,1
figure,,1
figure!,1
figure,2
fighting,2
fight?,1
fight,2
fifty,,1
fiery,3
fierce,1
fiends!,1
field,1
fie!,1
fie,1
fiction,,1
few,,1
few,2
fetters,1
fetch,2
fertile.,1
fennel,1
fencing,,1
female,1
fellowship,,1
fellowship,1
fellows,3
fellow.,2
fellow,,1
fellow's,1
fellow,7
fellies,1
fell,,1
fell,6
felicity,1
feet.],1
feet,,1
feels,1
feelingly,1
feeling,,1
feeling,2
feel,1
feed?,1
feed,,1
feed,4
fee;,1
fee.,1
fee,1
fed,2
feature,,1
feature,1
feats,1
feathers-,1
feather.,1
feast.,1
feast,2
fears,2
fearing,1
fearful,1
fear?,1
fear;,1
fear.,2
fear-surprised,1
fear,,3
fear'd,1
fear,12
fay,,1
fawning.,1
favours?,1
favours.,1
favourite,1
favour,,1
favour,3
faults,,1
faults,2
fault.,1
fault,4
fatted,1
fatness,1
fathers,,2
father?,3
father;,7
father.,7
father-,1
father,,6
father's,18
father!,1
father,25
fates,2
fate,,1
fate,1
fat,,1
fat,5
fast?,2
fast,,1
fast,2
fashion.,1
fashion,,2
fashion,5
farm,2
farewell.,2
farewell,,1
farewell!,1
farewell,1
fares,2
fare,2
fardels,1
far.,1
far,10
fantasy?,1
fantasy,,1
fantasy,1
fantastic,1
fann'd,1
fang'd,,1
fancy;,1
fancy.,1
fancy,,1
famous,1
familiar,,1
fame,2
falsely,1
falsehood,1
false,6
falls.],1
falls.,2
falls,,2
falls,3
falling-off,1
falling,1
fall;,1
fall.,1
fall,,2
fall'n?,1
fall'n,1
fall,4
falconers,,1
faithful.,1
faithful,2
faith;,1
faith.,3
faith,,6
fairy,1
fairly,1
fair?,1
fair.,1
fair-judgment,,1
fair,,4
fair,14
fain,4
fail'd,1
fadoms,1
faded,1
faculties!,1
faculties,1
faction,1
faces,,1
faces,1
face?,2
face.,1
face,,2
face,6
eyrie,1
eyes?,1
eyes;,2
eyes.,3
eyes,,6
eyes,10
eyelids,1
eye;,1
eye.,3
eye,,6
eye!,1
eye,4
eyases,,1
extremity.,1
extremity,1
extravagant,1
extolment,,1
extinct,1
exterior,1
extent,1
extant,,1
express'd,1
express,3
expostulate,1
exploit,1
expense;,1
expend,1
expel,2
expectancy,1
exhort,1
exercises;,1
exercise,2
excuse.,1
excrements,,1
exclaim,1
exchange,,1
exception,1
except,3
excellent,8
excellence;,1
excellence,2
exceed,1
exactly,,1
exact,1
evil?,1
evil,,1
evil,1
evidence.,1
everything,2
every,7
evermore,,1
ever.,2
ever-preserved,1
ever,,1
ever,10
events,,1
event,-,1
event,,1
even-Christen.,1
even,,2
even,13
eternity.,1
eterne,,1
eternal,2
et,1
estimation,1
esteem'd,1
estate.,2
estate,1
essentially,1
espials),1
especially,,1
especially,1
especial,1
esill?,1
escoted?,1
escape,2
eruption,1
errors,1
erring,1
err,,1
ere,10
equivocation,1
equal,2
epitaph,2
envy,2
enviously,1
envious,1
envenom'd.,1
envenom'd,1
envenom,1
entreaty.,1
entreaty,,1
entreatments,1
entreated,1
entreat,3
entrance,1
entertainment,4
enters.,1
enterprises,1
enterprise,,1
enterprise,1
enter,3
enseamed,1
enough.,1
enough,,1
enough,5
enmity,1
enlarg'd,1
enginer,1
engag'd!,1
enemy.,2
enemy,1
enemies;,1
enemies.,1
endure,1
ends,,1
ends,1
ending,,1
ended.,1
endeavour,1
end.,4
end-,1
end,,2
end,10
encumb'red,1
encounter.,1
encounter-,1
encounter,1
encount'red.,1
encorporal,1
encompassment,1
enactures,1
enact?,1
enact,1
emulate,1
empty,1
employment!,1
employment,1
employ,1
empire,2
emphasis?,1
emperor,1
embracing,1
embrace,2
embark'd.,1
else?,3
else.,1
else-,1
else,,1
else,11
eloquent,1
eleven,1
element;,1
election,3
eldest,1
elder,1
either,6
eight,1
eggshell.,1
effects.,1
effects,1
effect-,1
effect,,2
effect,4
edified,1
edge.,1
edge,2
ecstasy.,1
ecstasy,2
ecstacy,1
eclipse.,1
eats,,1
eaten.,1
eat,5
easy;,1
easy,1
eastward,1
east,1
easing.,1
easiness.,1
easiness,1
easily,1
easier,1
ease,,3
ease,1
earthly,1
earth?,1
earth;,2
earth.,1
earth,,4
earth!,2
earth,14
ears.,3
ears,,2
ears,3
earnest,1
ear.,4
ear,,3
ear,10
eager,2
each,8
e'il,1
e'er,1
e'en,8
dying,1
dye,1
dwelling,1
duty?,1
duty.,2
duty,10
duties,1
dust?,1
dust;,1
dust.,1
dust,,1
dust,3
dupp'd,1
dungeons,,1
dumb;,1
dumb,,1
dumb,4
dulls,1
duller,1
dull,,1
dull,5
duke's,1
dug,1
due,1
ducats,,1
ducats,2
ducat,,1
dry-,1
dry,2
drunkards,1
drunk,1
drum,1
drugs,1
drowns,1
drown'd?,1
drown'd.,1
drown'd,,1
drown'd,2
drown,5
drossy,1
droppings,1
dropping,1
drop,1
drooping.,1
drives,,1
driven,1
drive,2
drinks,2
drinking,,1
drink.,2
drink,,5
drink!,2
drink,5
drift,,1
drift,3
dreamt,1
dreams.,1
dreams,2
dream:,1
dream.,1
dream,4
dreadfully,1
dreadful,3
dreaded,1
dread,5
draws,2
draw,9
draughts,1
dram,1
drains,1
dragg'd,1
drab,,1
dozy,1
dozen,2
dozed,1
dowry:,1
down?,1
down;,2
down:,1
down.,4
down-gyved,1
down,,6
down!,1
down,14
dove!,1
dove,1
douts,1
dout,1
doubts,1
doubtful;,1
doubtful,1
doubt,,1
doubt,6
doublet,1
double,6
doth,24
dotes,1
dost,9
doors,3
door.,2
door,,1
door,2
doomsday.,1
doomsday,2
doom,,1
donn'd,1
done?,2
done.,4
done,-,1
done,,7
done!,1
done,7
dominions,1
dole,,1
doing,1
dogs!,1
dog,,1
dog,1
does-,1
does,22
document,1
doctor;,1
do?,3
do:,1
do.,2
do-,1
do,',1
do,,11
do't.,3
do't,,3
do't!,1
do't,2
do,105
divulging,,1
divinity,2
divine,1
divide,2
ditchers,,1
distrust,,1
distrust,1
distress,,1
distraction.,1
distraction,1
distracted.,1
distracted,,1
distracted,2
distract.,1
distinguish,,1
distilment;,1
distill'd,1
distemper?,1
distemper.,1
distemper'd.,1
distemper,1
distant,1
disposition.,1
disposition,,1
disposition,3
dispatch,,1
dispatch'd;,1
dispatch,1
dismay.,1
dismantled,1
dismal;,1
dismal.,1
dislike,1
disjoint,1
dishonour,2
dishes,,1
dish.,1
disease,,1
diseas'd.,1
discretion.,2
discretion,2
discovery,,1
discourse?,1
discourse,,1
discourse,4
discord,1
disclose,1
disclos'd,,2
disclaiming,1
disappointed,,1
dirty,1
dirt?,1
dirt.,1
dirge,1
directly,1
directions,1
direct,4
dire,1
dipping,1
dip,1
diligence,1
dild,1
dilated,1
digs,1
dignity.,1
dignity,1
digg'd.,1
digested,1
dig,2
different,,1
differences,,1
difference.,1
difference!,1
diet.,1
diet,,1
dies.-,1
dies.,1
died.,1
died,,1
died,2
die-,2
die,,2
die,3
didst,3
didest,1
did;,1
did:,1
did.,1
did,,4
did,46
diction,1
dicers',1
diameter,,1
diadem,2
dexterity,1
dews,1
dew!,1
dew,2
devotion's,1
devise,1
devil;,1
devil,,1
devil,5
devices,1
device,,1
determine,1
determination,1
detecting,,1
destroy.,1
destroy,,1
despite,1
despis'd,1
desperation,,1
desperation,1
desperate,4
desp'rate,2
desk,1
desirous,1
desires.,1
desires,3
desire;,1
desire.,1
desire,,2
desire,3
design'd,,1
deserved,1
deserve,,1
desert.,1
desert,,1
deprive,1
depends,2
departed,1
depart.,1
deny,2
denote,1
denies,1
denied,1
demonstrated,1
demi-natur'd,1
demands,2
demanded,1
demand,2
delve,1
delivered,1
deliver.,1
deliver'd,,1
deliver,1
delights.,1
delights,2
delight,3
delicate,2
delays,1
delay,,1
dejected,1
deject,1
defy,1
definement,1
define,1
defend,3
defence?,1
defence,,1
defective,1
defect,,2
defeats,1
defeated,1
defeat,2
deer,1
deeply,1
deep,4
deeds,1
deed;,1
deed-,1
deed,,1
deed!,1
deed,7
declining,1
declines,1
decline,1
declension,,1
deck'd,,1
deceived.,1
deceiv'd.,1
decayer,1
debt.,1
debatement,1
debate,1
deaths,1
deathbed;,1
death.,7
death-,2
death,,9
death),,1
death!,1
death,15
dearth,1
dearly,,1
dearly,1
dearest,2
dear,,1
dear,27
dealt,1
deal,1
dead?,1
dead;,2
dead.,4
dead,,4
dead!,2
dead,16
days.,1
days,4
day?,2
day;,1
day.,1
day,,6
day,11
dawning,1
daughters,,1
daughter?,1
daughter.-,1
daughter.,4
daughter,,2
daughter,8
darkest,1
dark,1
dare,,1
dare,5
dar'st,1
dangerous,,1
dangerous,3
danger;,1
danger.,1
danger,,1
danger,2
damned,6
damnation.,1
damnable,1
damn'd,,1
damn'd,4
damn,1
dallying.,1
dally.,1
dalliance,1
daisy.,1
daisies,,1
daintier,1
daily,1
daggers,2
dagger.,1
cutpurse,1
cut,1
customary,1
custom?,1
custom,,1
custom,6
cursed,4
curse,1
currents,2
curls;,1
curiously,,1
cure,1
curd,,1
curb,1
cups;,1
cup;,1
cup.,2
cup,1
cunnings-,1
cunning.,1
cunning,3
cum,1
cuffs,1
cue,1
cuckold,1
cry!,1
cry,3
crust,1
cruel,,2
crows.,1
crowns,1
crowner's,1
crowner,1
crown.,1
crown,,4
crown,1
crowing,1
crowflowers,,1
cross,1
crook,1
crocodile?,1
croaking,1
crimes,3
crimeful,1
cries,4
crier,1
cried,,1
cried,2
crib,1
crew.,1
crew,1
crescent,1
creep,1
credent,1
creatures,,1
creatures,2
creature,2
creation,1
crawling,1
craven,1
crash,1
crants,,1
crafty,1
crafts,1
craft.,1
craft,1
cracks,1
crack'd,1
crack,1
crab,,1
cozen'd,1
coz'nage-,1
cowards,1
coward?,1
coward,-,1
cousin,,1
cousin,2
courtiers.,1
courtier.,7
courtier,,2
courtier's,,1
courtier,1
courtesy,1
courteous,1
court?,1
court,,1
court,4
courses,1
course.,1
course,4
couplets,1
couple,1
countrymen.,1
country-,1
country,,1
country's,1
country,1
countries,1
counterfeit,1
counter,,1
countenance,,1
countenance,3
count'nance,1
count,3
counsellor,1
counsel;,1
counsel.,1
counsel,,1
could,,2
could,24
couched,1
couch,1
coted,1
cost,2
corses,1
corse,,1
corse,2
corruption,,2
corruption,1
corrupted,1
coronet,1
coronation,,1
corner,1
core,,1
copied,1
cop'd,1
cool,1
convoy,1
convocation,1
conveyances,1
conveyance,1
convey,1
converted),1
convert,1
converse,,1
conversation,1
conveniently.,1
convenience,1
contumely,,1
controversy.,1
contriving,,1
contrive,2
contrary,1
contraction,1
contracted,1
contract-,1
continual,1
continent,2
contents,,1
content.,1
content,2
contend,1
containing,1
contagion,,1
consummation,1
constantly.,1
constant,1
consonancy,1
considered.,1
consider'd,1
consider,2
consequence:,1
consequence,',1
consequence,,1
consequence'-,1
consent.,1
consent!,1
consent,1
conscience;,1
conscience.,1
conscience!,1
conscience,4
conquest,1
conqueror;,1
conjure,1
conjuration,1
conjunctive,1
conjoin'd,,1
conjectures,1
congruing,1
congregation,1
confusion,,1
confront,1
confound,1
confines,,1
confine;,1
confine,1
confin'd,1
confession,3
confess,,1
confess't.,1
confess,3
conference.,1
condolement,1
condole,1
conclusions,,1
concluded,1
concernings,1
concernancy,,1
conceive.,1
conceit?,1
conceit.,1
conceit,1
conceal'd,1
comutual,1
comrade.,1
compulsive,1
compulsatory,,1
compound,1
compost,1
compos'd,1
comply,2
complexion.,1
complexion,,1
complexion,1
complete,1
competent,1
compelled,1
compell'd,,1
compass;,1
compare,1
company,,1
companions,1
companies,1
compact,,1
commune,1
common.,2
common,5
commission;,3
commission,2
commingled,1
commerce,1
comment,1
commended,1
commendable,1
commend,4
commencement,1
commands,1
commandment;,1
commandment,3
commanded.,1
command?,1
command;,2
command.,1
command,,2
command,4
comma,1
coming.,2
coming,5
comfort,1
comes;,1
comes.,3
comes!,1
comes,18
comedy,,2
come?,1
come;,1
come:,1
come.,6
come,,9
come',,1
come!,7
come,44
combined,1
combination,1
combated.,1
combat;,1
comart,1
com'st,1
columbines.,1
colour.,1
colour-,1
colour,,1
colour,2
collection;,1
collection,,1
collected,,1
collateral,1
coldly,2
cold;,1
cold.,1
cold,,2
cold,2
coinage,1
coil,,1
coffin,1
cockle,1
cock.,1
cock,,1
cock,3
coagulate,1
coach!,1
clutch,,1
clowns,1
clown,1
clouts.,1
clout,1
clouds,,2
clouds,2
cloud,1
clothes,1
clothe,1
closet.,2
closet,,1
closet,2
closes,2
closely,1
close;,1
close,,1
close,1
cloak,,1
clo'es,1
clip,1
climature,1
cliff,1
clemency,,1
cleft,1
cleave,1
clearly,1
clear,1
clays,1
clay,,1
clay,2
clawed,1
clapp'd,1
clamour,1
claim,1
clad,,1
city?,1
city.,1
circumvent,1
circumstances,1
circumstance?,1
circumstance.,1
circumstance,,1
circumstance,3
circumscrib'd,1
cicatrice,1
churlish,1
churchyards,1
churchyard.,1
churches,1
church.,1
church!,1
chronicles,1
chough;,1
chorus,,1
chopine.,1
choose,4
choler.,2
choice,6
children?,1
children,,1
children,1
child.,1
child,1
chiefly,1
chiefest,1
chief,3
chide,,1
cherub,1
cheerfully,2
cheer,3
cheek;,1
cheek,,1
checking,1
chaunted,1
chaste,3
chase.,1
charm,,1
charitable,,1
charitable,1
chariest,1
charge.,1
charge,,3
charge,4
character.,2
chapless,,1
chapel.,2
chap-,1
chanson,1
changes,,1
changeling,1
changed,1
change;,1
change,3
chances,2
chance,,1
chance,1
chameleon's,1
chamber.,1
chamber,,1
chamber,1
challenger,1
chalice,1
cesse,1
certainty,1
certain.,1
certain,3
ceremony.,1
ceremony,2
cerements;,1
centre.,1
censure,,1
censure,3
cellarage.,1
cell,1
celestial,,1
celestial,1
celebrated,,1
cease,1
caviary,1
caution-,1
cautel,1
cause;,1
cause.,1
cause,,4
cause,11
caught,2
catch,2
cataplasm,1
cat,1
casual,1
cast,6
cases,,1
case,1
carters.,1
cart,1
cars,1
carrying,1
carry,3
carrion-,1
carries,1
carried,1
carriages?,1
carriages:,1
carriages,,3
carriage,1
carpenter?,2
carp,1
carouses,1
carnal,,1
careless,1
carefully,1
card,,1
card,1
carbuncles,,1
captains,1
capons,1
capital,2
capable.-,1
capable,1
capability,1
cap-a-pe,,1
cap,2
canst,2
canopy,,1
canoniz'd,1
canon,1
cannot.,3
cannot,,1
cannot,24
cannons,1
cannoneer,1
cannon,4
canker,2
candied,1
can;,1
can.,1
can,29
camel?,1
camel,1
came,8
calveskins,1
calves,1
calumny.,1
calumnious,1
calm,2
calls,3
call't,1
call'd.,1
call'd,1
call,21
calf,1
calendar,1
calamity,1
cabin,,1
by-and-by.-,1
by-and-by.,2
by'r,1
by,92
buzzers,1
buzz!,1
buyer,1
buy,,1
buttons,1
button.,1
but,',1
but,,4
but,139
busy,1
business.,2
business,,1
business,8
burthen!,1
burst,3
burnt,1
burns,,2
burning,2
burn,,1
buried,,1
buried,5
burial.,3
burial,1
bunghole?,1
bulwark,1
bulk;,1
bulk,1
built,1
builds,2
build,1
bugs,1
buffets,1
budge,1
bubbles,1
brute,1
bruit,1
brows.,1
brows,1
brow;,1
brow,,1
brow,1
brought,,1
brought,5
brothers.,1
brothers,1
brother.,4
brother,,2
brother's,7
brother,3
brothel,,1
brook.,1
brook,,1
brood;,1
brokers,,1
broken,1
broke.,1
broke,,1
broad,2
broach,1
brings,1
bringing,1
bring,7
brief.,1
brief,,2
brief,1
bride-bed,1
brevity,1
breeding,1
breeder,1
breed.,1
breed,1
breathing,1
breathes,1
breathe,3
breath.,1
breath,,3
breath,5
breast.,1
breaks,,1
breaks,1
breaking,1
break.,1
break,4
breadth,1
bread,,1
breach,1
brazen,1
braz'd,1
bray,1
bravery,1
brave,,1
brave,2
brands,1
branches-it,1
brains.,1
brains,,1
brains!,1
brains,2
brainish,1
brain.,1
brain,,2
brain!,1
brain,2
boys,1
boy,,1
boy!,1
boy,1
box;,1
bowl,1
bow,2
bouts,1
bout,1
bourn,1
bounty.,1
bounteous.,1
bounds.,1
bounded,1
bound,,1
bound,4
bought,1
boughs,1
both?,1
both;,1
both,,1
both,19
botch,1
bosom.,1
bosom,,1
bosom,2
borrowing,1
borrower,1
borrowed,1
borne,3
born-,1
born,,1
born,1
bore,4
books,,1
book.,1
book,,2
book,1
bonny,1
bonnet,1
bones,,3
bones,1
bold,,1
bold,2
boist'rous,1
bodykins,,1
body?,1
body.,4
body,,1
body,11
bodkin?,1
bodiless,1
bodies.,1
bodies,,1
bodies,3
bodes,1
boarded,1
board,1
blush?,1
blush,1
blurs,1
blunted,1
blue,1
blows,2
blown,,1
blown,1
blow,,1
blow,2
blossoms,1
bloody,,1
bloody,5
bloodily,1
blood;,1
blood.,4
blood,,5
blood,9
bloat,1
blister,1
blest,,1
blest,1
blessing,,1
blessing,4
bless,3
blench,,1
bleeding,1
bleed.,1
bleed,1
blazon,1
blazes,,1
blaze,1
blasts,1
blastments,1
blasted,,1
blast,2
blanks,1
blanket,,1
blank,,1
blank,1
blame.,2
blame,1
blackest,1
black,,3
black,4
bitter,,1
bitter,2
bites,1
bisson,1
birth.,1
birth,-,1
birth,,1
birth,1
birds,1
bird,,1
bird,1
bilboes.,1
bier,1
bid,5
bias,,1
beyond,2
bewept,1
beware,1
bevy,1
between,13
better.,1
better,,1
better),,1
better'd,,1
better!,1
better,11
betoken,1
betimes?,1
bethought!,1
beteem,1
bet,1
bestow'd?,1
bestow'd,,1
bestow,3
best,,2
best,9
bespeak:,1
besmirch,1
beshrew,1
beseech'd,1
beseech,7
berattle,1
bent.-,1
bent,,1
bent,1
benetted,1
benefit,1
beneath.,1
bended,1
bend,3
below.,1
below,2
belov'd,,1
bells,1
bellowed,1
bellow,1
bell,2
belike,1
believe,,1
believe,15
believ'd,1
belief,1
being.,1
being,8
behove,,1
behooves,1
behold!,1
behind.,1
behind,,1
behind,3
behaviour.,1
behaviour,1
behav'd,,1
begun.,1
begun,,1
begun,2
beguile.,1
beguile,1
begins,,1
begins,1
begin.,1
begin,,2
begin!,1
begin,1
beggars',1
beggars,1
beggar.,1
beggar'd,,1
beggar,1
beget,1
beg-,1
beg,,1
beg,5
before.,1
before,,3
before,13
befitted,1
befall'n?,1
beetles,1
beer,1
been,,1
been,25
bedtime,,1
beds,,1
bedrid,,1
bedded,1
bed;,2
bed.',1
bed.,3
bed,,2
bed,3
becomes,2
beckons.],1
beckons,2
beck,1
because,1
became,1
beaver,1
beauty.,1
beauty,,1
beauty,4
beautified,1
beauties,1
beautied,1
beauteous,1
beats,1
beating;,1
beating,2
beaten,1
beat,1
beasts;,1
beasts,,1
beast.,1
beast-',1
beast,,2
beast,2
bears,1
bearing,1
bearers,2
beards;,1
beard.-,1
beard,5
bear,,1
bear,13
beam.,1
be;,2
be.',1
be.,6
be-,1
be,,9
be,187
bawdy,1
bawds,,1
bawdry,,1
bawd,1
battlements,1
battery?,1
batten,1
battalions!,1
bated,,1
bat,,1
bat,1
bastard;,1
basket,2
baser,2
baseness,1
base,,2
base,3
barren,1
barrel?,1
barr'd,1
bark'd,1
bark,1
barefoot,1
barefac'd,1
bare,1
barber's,,1
bar,1
bank,1
bands.,1
bands,1
ban,1
baker's,1
bak'd,1
bait,1
bade,1
bad.,1
bad,,1
bad,5
backward.,1
back?,1
back.,1
back'd,1
back,6
baby,2
babe!,1
b',4
aye,,1
ay,,2
axe,,1
axe,1
awry,1
awork;,1
awhile.,3
awhile,,5
awhile,2
awe,2
away?,1
away.,5
away,,1
away!-,1
away!,4
away,10
awake,,1
avouch,1
avoid,,1
avoid,2
authorities.,1
author,2
auspicious,,1
aunt-mother,1
augury;,1
aught.,2
aught,-,1
aught,,1
aught,6
audit,1
audience.,1
audience,,1
audience,3
attribute.,1
attractive.,1
attent,1
attended.,1
attendant.],1
attendant,,1
attend,1
at,75
asunder.,1
assurance,2
assur'd,,1
assur'd,1
assume,3
associates,1
assistant,,1
assistant,1
assigns,,2
assays,1
assay.,1
assay'd.,1
assay,2
assault.,1
assail,1
ass-,1
ass,3
aspect,,1
asleep;,1
asleep,,1
aslant,1
asking?,1
asking,1
ask,,1
ask'd,1
ask,1
aside!,1
asham'd,1
as],1
as,,2
as's,1
as,144
artless,1
artire,1
articles,1
article,,1
article,1
art.,2
art,,1
art,12
arrows,,1
arrows,1
arrow,1
arriv'd,,1
arrests,1
arrest),1
arras.],1
arras,5
arrant,2
arraign,1
army,1
arms?,2
arms.,3
arms,,1
arms,4
armour,,1
armour,2
armed,1
arm?,1
arm,,3
arithmetic,1
aright,1
argument?,1
argument,,1
argument,2
argues,1
argal,,1
are.,2
are,,1
are!,1
are,118
ardour,1
aptly,1
apt;,1
apt,,1
appurtenance,1
approve,2
approaches,1
apprehension,2
appointment,1
appliance,1
applaud,1
appetite,1
appears.,1
appeareth,1
appear.,1
appear'd,3
appear,2
apparition,2
apparel,1
appal,1
apoplex'd;,1
apiece,1
ape,,2
apart,,1
apart,1
anything-,1
anything,,1
anything,3
any,12
antique,2
anticipation,1
antic,1
answers:,1
answerest,1
answer;,1
answer.,2
answer,,2
answer'd?,1
answer,8
another?,1
another.,3
another's,1
another,4
anon.,1
anon,2
anoint,1
annual,1
annexment,,1
ankle;,1
animals!,1
angry,1
angle,1
anger.,1
angels!,1
angels,1
angel!,1
angel,3
and],2
and,,6
and',1
and,680
ancient,1
anchor's,1
an't?,1
an't,1
an,50
amities,,1
amiss.,2
amen!,1
amble,,1
ambitious;,1
ambitious,2
ambition;,1
ambition,,1
ambition,4
ambiguous,1
amber,1
ambassadors.,1
ambassadors,2
ambassador,1
amazement,2
amaze,1
amaz'd,1
am.,1
am,,1
am,52
always,1
altogether!,1
altitude,1
also,1
already.,3
already-,1
already,2
aloof,,1
aloof,1
along.,1
along,,1
along,1
alone.,2
alone,,1
alone,6
almost,9
allowance,2
allow.,1
allow'd.,1
allow'd,1
alleys,1
allegiance!,1
all;,2
all:,1
all.-,2
all.,5
all-,2
all,,7
all),1
all's,1
all,83
aliis.,1
alas!,1
alarm,,1
alarm,1
airy,1
airs,1
air.-,1
air.,3
air,,5
air,4
aim'd,1
aim,1
aid.,1
ah,,1
agreeing;,1
ago,,1
age,,1
age,8
against,,1
against,19
again?,2
again;,3
again.-,1
again.,8
again,,7
again!,4
again,9
afterwards,,1
afternoon,,1
after.,2
after,,1
after,9
afraid,1
afoot,,1
affrighted!,1
afflicts,1
affliction,,1
affliction,2
afflict,1
affections,1
affection,,2
affection,1
affectation;,1
affairs,1
affair.,2
affair,2
afeard,1
afar,2
advise,1
advice,,2
advice,1
adventurous,1
advantage,,1
advancement.,1
advancement,1
advanc'd,1
adulterate,1
adoption,1
admittance,1
admit,1
admiration?,1
admiration.,1
admiration,1
admirable!,1
adjoin'd;,1
adieu,,1
adieu!,3
adheres.,1
address,1
addition;,1
addition,,1
addition,1
adders,1
acts;,1
actors,2
actor.,1
actor,2
actively,1
actions,2
action;,1
action.-,1
action.,1
action,7
acting,1
acted;,1
act;,1
act.,2
act,,4
act,7
across?,1
acres,1
acquittance,1
acquire,1
acquaint,1
achievements,,1
ache,1
accuse,1
accurst!,1
accounted,1
account,1
according,1
accord,1
accidents;,1
accidental,1
accident.,2
accident,,1
access,1
accepts,1
accent,2
abuse,,1
abus'd.,1
absurd,,1
absurd,1
abstract,1
abstinence;,1
absolute,2
abroad,,1
abridgment,1
above.,1
above,,1
above,2
about.,1
about,,1
about,13
abominably.,1
aboard.,1
aboard,,1
able,1
ability,1
abhorred,1
abatements,1
abate,1
a-making,,1
a-down-a.',1
a-down,,1
a-cursing,1
a-,3
a,453
[within].,1
[with,4
[who,2
[two,1
[to,2
[rises],1
[priests,1
[points,1
[master],1
[in,1
[except,1
[draws],1
[comes,1
[beneath],3
[behind],2
[aside],10
[aside,5
[another,1
[and,1
[all,2
[Writes.],1
[Voltemand,,1
[To,5
[Throws,1
[They,1
[The,2
[Takes,1
[So,1
[Sits,1
[Sings],3
[Scatters,1
[Rosencrantz,1
[Retires,1
[Reads]'High,1
[Reads],1
[Reads.],2
[Puts,1
[Polonius].,2
[Polonius,1
[March,2
[Mar.,1
[Makes,1
[Lifts,1
[Leaps,1
[Laertes,2
[He],1
[Hamlet,1
[Guildenstern,],1
[Grapples,1
[Going.],1
[Gives,2
[Ghost,1
[Exit.],2
[Exit,11
[Exeunt,6
[Enter,4
[Drum;,1
[Dies.],1
[Clown,1
[Aside],2
[Aside,1
Youth,1
Yourself,,1
Yours,,1
Your,25
Young,3
You,,2
You,72
Yorick's,1
Yorick!,1
Yet,,1
Yet,12
Yes,,4
Yea,,3
Yaughan;,1
Wretched,1
Wouldst,1
Would,,1
Would,13
Worse,1
Wormwood,,1
Worm's,,1
Words,,1
Words,1
Woo't,2
Wittenberg?,1
Wittenberg.,1
Wittenberg,,2
Witness,1
Without,,1
Without,4
Within,4
Withdraw;,1
With,,1
With,43
Winner,1
Wilt,1
William,1
Will't,1
Will,21
Why?,1
Why,,30
Why,23
Whose,11
Whom,1
Who,,3
Who's,1
Who,21
Whither,1
White,1
Whips,1
Whiles,,1
Whiles,1
While,1
Which,,1
Which,19
Whether,4
Whereto,1
Whereon,4
Whereof,1
Wherein,6
Wherefore,1
Where?,1
Where,,1
Where's,1
Where,24
When,29
What?,1
What,,13
What's,6
What,90
Were,3
Well,,9
Well,4
Welcome,,5
Weigh,1
We'll,9
We,35
Was,,1
Was't,1
Was,6
Walks,1
Vulcan's,1
Voltemand,,4
Voltemand,1
Volt.,2
Visit,1
Virtue,3
Vienna.,1
Videlicet,,1
Very,7
Valentine.,1
Valentine's,1
VII.,1
VI.,1
V.,3
Use,2
Upon,15
Up,,1
Up,1
Unto,4
Until,1
Unsifted,1
Unpeg,1
Unmix'd,1
Unite,1
Unhous'led,,1
Unhand,1
Ungart'red,,1
Unequal,1
Under,2
Unbated,1
Two,4
Tweaks,1
Tush,,1
Turk,1
Try,1
Trumpets,1
Truly,,1
Truly,2
Tropically.,1
Treason!,1
Treachery!,1
Transports,1
Touching,2
Too,3
Together,3
To-morrow,2
To't.,1
To't,1
To,119
Time,2
Till,10
Thyself,1
Thy,5
Thus:,1
Thus,9
Throws,1
Thrown,1
Through,1
Thrift,,1
Thrice,1
Three,1
Thoughts,2
Thought,1
Though,6
Thou,14
Those,2
This?,1
This,,1
This,50
Think,3
Thin,1
Thick,1
They,26
These,12
Thereto,1
Therefore,,1
Therefore,7
There-,1
There,,1
There's,15
There,15
Thence,2
Then],1
Then,,1
Then,21
Their,5
The,152
Thaw,,1
That,,9
That's,8
That,118
Thanks,,3
Than,12
Th',11
Termagant.,1
Tender,1
Tellus',1
Tell,4
Tears,2
Takes,1
Taken,1
Take,10
Taint,1
TRAGEDY,1
THE,2
T',3
Switzers?,1
Sweets,1
Sweet,,1
Sweet,2
Swear.,4
Swear,3
Swallowed.,1
Sure,1
Sundays.,1
Sunday,1
Suit,1
Such-a-one,,1
Such-a-one's,1
Such,6
Subscrib'd,1
Striking,1
Strengthen,1
Stop,1
Stoops,1
Stood,1
Still,4
Stick,1
Stew'd,1
Stay,,2
Stay'd,1
Stay!,1
Stay,1
Start,1
Stand,,1
Stand,2
Spurns,1
Sprung,1
Sprinkle,1
Spreads,1
Sport,1
Speak.,1
Speak,,2
Speak!,1
Speak,6
Sound,1
Something,3
Some,2
Soldiers,,1
Soil,1
Soft!,2
Soft,1
So,,6
So,43
Sleeping,1
Sleep,1
Slanders,,1
Six,1
Sits,1
Sith,3
Sit,1
Sirs,,1
Sir?,1
Sir,,11
Singeing,1
Since,8
Shows,1
Show,1
Should,4
She,,1
She's,1
She,9
Shark'd,1
Shards,,1
Shall,5
Shakespeare,1
Set,2
Servant.,1
Sentinels-[first,],1
Sense,1
Seneca,1
Send,1
Seems,,1
Seeming,1
Seem,1
Seek,2
See,,1
See,2
Second,1
Season,1
Seafaring,1
Scripture?,1
Scripture,1
Scene,20
Say-,1
Say,,2
Say,3
Saw?,1
Saviour's,1
Save,2
Saint,3
Sailors.,1
Sailors,,2
Sailor.,2
Safely,1
SCENE.-,1
Running,1
Roughly,1
Rough-hew,1
Rosencrantz.,2
Rosencrantz,,6
Rosencrantz!,1
Rosencrantz,16
Roscius,1
Ros.,45
Rome-,1
Rome,,1
Roman,2
Robin,1
Roasted,1
Rightly,1
Richer,1
Rich,1
Rhenish,2
Reynaldo?,1
Reynaldo.,3
Reynaldo,,2
Rey.,13
Revisits,1
Revenge,2
Rest,,1
Respeaking,1
Resembles,1
Requite,1
Repugnant,1
Repent,1
Repast,1
Remorseless,,1
Remember,5
Refrain,1
Receives,1
Receiv'd,1
Rebellious,2
Read,1
Rashly-,1
Rapier,1
Rankly,1
Quoth,1
Quite,1
Question,1
Queen?,1
Queen.],1
Queen.,78
Queen,,12
Queen's,1
Queen,16
Pyrrhus:,1
Pyrrhus,,2
Pyrrhus',3
Pyrrhus,4
Put,2
Pursued,1
Purpose,1
Pull'd,1
Provincial,1
Propose,1
Property,1
Proper,1
Prompted,1
Prologue.,1
Prologue,1
Proclaim,1
Pro.,1
Prithee,,1
Prithee,2
Prison,,1
Prince,1
Priest.,3
Priam.,1
Priam,,1
Priam's,1
Priam,2
Pretty,1
Prepare,1
Pray,8
Pox,,1
Pours,1
Possess,1
Positively,1
Popp'd,1
Poor,1
Pooh!,1
Polonius].,1
Polonius],2
Polonius?,3
Polonius.],3
Polonius.,14
Polonius,,6
Polonius',1
Polonius,3
Politician,,1
Pole,1
Poland.,1
Poland,,2
Polacks,1
Polack;,1
Polack,,1
Polack,2
Pol.,86
Poisoner,2
Plucks,1
Pluck,1
Pleasant,1
Players.,5
Players,4
Player.],1
Player.,2
Play.,7
Play,1
Plautus,1
Pity,1
Pit,1
Pinch,1
Pictures,1
Phoebus',1
Personae,1
Perpend.,1
Perhaps,1
Perchance,1
Pelion,1
Peace!,3
Pays,1
Patrick,,1
Passing,1
Pass,1
Part,1
Paris;,1
Pale,2
Pah!,1
PRINCE,1
Over,2
Out,,1
Out,4
Our,13
Other.,12
Ossa,1
Osric.],1
Osric.,2
Osric,,4
Osr.,25
Or,33
Ophelia],1
Ophelia?,4
Ophelia.,5
Ophelia-,1
Ophelia,'-,1
Ophelia,,12
Ophelia's,1
Ophelia!-,1
Ophelia!,2
Ophelia,2
Oph.,58
One.,1
One,5
Once,2
On,9
Olympus.,1
Old,1
Oft,1
Officers,,1
Officer.,1
Offence's,1
Of,43
Occasion,1
Observe,2
OF,2
O-,1
O,,59
O'ermaster't,1
O'erbears,1
O'er,2
O!,1
O,50
Nymph,,1
Now,,8
Now,18
Nothing.,1
Nothing,3
Not,15
Norwegian,1
Norway?,1
Norway.,1
Norway,,9
Norway,2
Normandy.,1
Norman.,1
Norman,1
Nor,16
None,,1
None,2
No.,2
No,,25
No,18
Niobe,,1
Niggard,1
Next,,1
New,1
Never,8
Nero,1
Neptune's,2
Nemean,1
Neither,,1
Neither,1
Near,1
Nay,,22
Nay,4
Nature's,1
Nature,1
My,75
Mutes,,1
Must,5
Murther?,1
Murther,2
Much,1
Mousetrap.',1
Mother,,4
Most,12
Moreover,1
More,6
Monday,1
Mine,,1
Mine,2
Mincing,1
Millions,1
Mighty,-You,1
Might,,1
Might,1
Methought,2
Methinks,1
Messengers,,1
Messenger.,2
Messenger,1
Mess.,3
Mercury,1
Meet,2
Meantime,1
May;,1
May!,1
May,7
Masters,,1
Mass,,1
Mars,,1
Mars's,1
Marry,,7
Mark.,1
Mark,5
Marcellus?,1
Marcellus.,4
Marcellus,,4
Marcellus!,1
Marcellus,1
Mar.,31
Man,1
Making,1
Makes,3
Make,10
Majesty;,1
Majesty.,3
Majesty,,2
Majesty,6
Majesties,2
Madness,1
Madam,,5
Mad,4
Lucianus.,1
Lucianus,,1
Luc.,1
Love?,1
Lost,1
Lords.,1
Lords,,2
Lords,3
Lord.],1
Lord.,4
Lord,,2
Lord,13
Looks,1
Looking,1
Look,,2
Look,14
Longer,,1
Long,2
Lo,,2
Lives,1
List,,1
Like,7
Lights,,1
Letters,,1
Lethe,1
Let's,5
Let,43
Lest,1
Lends,1
Led,1
Leave,4
Leaps,1
Lay,2
Last,,1
Last,1
Larded,2
Lamound.,1
Laertes].,1
Laertes],1
Laertes?,6
Laertes;,1
Laertes.,7
Laertes,,16
Laertes',1
Laertes!,1
Laertes,9
Laer.,62
Lady,,3
Lady,1
Know,1
King],1
King?,3
King.,116
King-,1
King,,13
King's,5
King!,1
King,34
Kettledrums.,1
Keeps,1
Keep,2
Julius,2
Judgment!,1
Jove,2
John-a-dreams,,1
Jephthah?,1
Jephthah,,2
Itself,1
Italian.,1
It,61
Israel,,1
Is't,3
Is,28
Into,4
Infects,1
Indeed?,1
Indeed,,8
Indeed,1
In,38
Importing,3
Imperious,1
Impart.,1
Illo,,1
Ilium,,1
If,,1
If't,2
If,51
IV.,4
III.,4
II.,6
I?,1
I.,9
I,,14
I'll,56
I!,4
I,523
Hyrcanian,1
Hyperion's,1
Hyperion,1
Hymen,1
Hurts,1
Hunts,1
Hum,,1
Hum!,1
Howe'er,1
How,58
Horatio],2
Horatio?,2
Horatio.],2
Horatio.,11
Horatio,,15
Horatio!-,1
Horatio!,5
Horatio,8
Hor.,108
Hor,1
Honour'd,,1
Honest,,1
Holla,,1
Holds,1
Holding,1
Hold,,1
Hold,5
Hoist,1
Ho,,2
Ho!,1
His,18
Himself,1
Hillo,,1
Highness;,1
High,1
Hide,1
Hic,1
Herod.,1
Here,,4
Here's,6
Here,9
Hercules.,1
Hercules,2
Her,8
Help,,2
Hecuba.,1
Hecuba,,1
Hecuba!,1
Hecuba,1
Hecate's,1
Heavens,1
Heaven's,1
Heaven,4
Heartily,1
Hear,1
Head,1
He.,1
He,,1
He's,3
He,51
Hazard,1
Having,1
Have,16
Hautboys,1
Hath,8
Haste,1
Hast,1
Has,1
Hark,1
Happy,1
Happily,1
Haply,1
Hamlet].,1
Hamlet],3
Hamlet?,6
Hamlet;,2
Hamlet:,1
Hamlet.],2
Hamlet.',1
Hamlet.,25
Hamlet,,27
Hamlet's.],1
Hamlet's,9
Hamlet!,6
Hamlet,28
Ham.,358
Half,1
Hail,1
Hadst,1
Had,7
Ha,,1
Ha!,1
HAMLET.',2
HAMLET,,1
Guildenstern].,1
Guildenstern],2
Guildenstern?,1
Guildenstern.],1
Guildenstern.,10
Guildenstern-,1
Guildenstern,,5
Guildenstern!,2
Guildenstern,6
Guil.,29
Guard,1
Grows,1
Grop'd,1
Grief,1
Greeks.,1
Grating,1
Grapple,1
Gracious,,1
Grace,2
Govern,1
Goodman,1
Good.,1
Good,26
Gonzago.,1
Gonzago's,1
Gonzago'?,1
Gonzago,1
Goes,2
God?,1
God.,1
God-a-mercy.,1
God,,6
God's,3
God!,4
God,16
Go,,7
Go,15
Giving,2
Gives,1
Given,1
Give,,1
Give,21
Gis,1
Ghost.,20
Ghost,7
Getrude,,1
Get,5
Gertrude?,1
Gertrude.,3
Gertrude,,9
Gertrude,1
Gentlemen.,2
Gentlemen,,1
Gentlemen!,1
Gentleman.],1
Gentleman.,1
Gentleman,,1
Gent.,2
Full,1
From,11
Friends,2
Friend,,1
Frenchman,1
French,,1
French,4
Free,1
Francisco.,1
Francisco,,2
France;,2
France,3
Fran.,8
Frailty,,1
Foul,1
Forward,,1
Forty,1
Fortune?,1
Fortune's,4
Fortune!,1
Fortune,1
Fortinbras;,2
Fortinbras.,3
Fortinbras,,6
Fortinbras,4
Forth,1
Fort.,4
Form,1
Forgive,1
Fore,1
Fordo,1
For.,2
For,,1
For,69
Followers.],1
Follow,5
Folded,1
Flourish.,3
Flourish,1
Fix'd,1
First].,1
First,,1
First,1
Finger'd,1
Finding,1
Fie!,1
Fie,2
Fell,2
Feeds,1
Fear,1
Father.,1
Father,1
Farewell.,8
Farewell,,3
Farewell!,1
Fare,4
Fall'n,1
Fall,1
Faith,,6
Eyes,1
Extorted,1
Exposing,1
Exit.,17
Exit,10
Exeunt.,12
Exeunt,19
Excitements,1
Exchange,1
Excellent,,1
Excellent,1
Exceedingly,,1
Examples,1
Every,1
Everlasting,1
Even,8
Ere,2
Enter,66
Enquire,1
English,2
England?,2
England;,2
England.,3
England-,1
England,,3
England's,1
England!,2
England,7
Elsinore?,2
Elsinore.,21
Else,1
Ecstasy?,1
Eats,1
Ears,1
Each,3
END,1
E'en,3
Drum,,1
Drown'd,,1
Drown'd!,1
Drinks.,1
Drink,1
Dramatis,1
Drabbing.,1
Doubt,2
Doth,4
Dost,5
Doom'd,1
Does,3
Do,,1
Do,26
Divided,1
Diseases,1
Discomfort,1
Disasters,1
Directly,1
Dies.,2
Dies,2
Didst,1
Dido,,1
Did,13
Devoutly,1
Devis'd,1
Devil,1
Depriv'd,1
Denmark?-,1
Denmark?,2
Denmark.,7
Denmark,,3
Denmark's,3
Denmark,9
Delver!,1
Deliberate,1
Delay,1
Death,,2
Dear,1
Dead.,1
Dead,1
Dar'd,1
Danskers,1
Danish.,1
Danish,5
Dangerous,1
Dane.,4
Dane,,1
Dane,1
Damon,1
DENMARK,1
Cyclops',1
Cut,1
Custom,1
Cudgel,1
Cry,1
Cries,1
Craves,1
Cousin,1
Could,6
Couch,1
Costly,1
Cornelius.,2
Cornelius,],1
Cornelius,,2
Cor.,,1
Convert,1
Contagious,1
Contagion,1
Consent,1
Conscience,1
Conjures,1
Confound,1
Confess,1
Confederate,1
Conception,1
Conceit,2
Compounded,1
Comes,1
Come.,2
Come,,25
Come,10
Com'st',1
Colours,,1
Collected,1
Colleagued,1
Cock,,1
Clowns,,2
Clown.],1
Clown.,33
Claudius,,2
Claudio;,1
Clamb'ring,1
Christians,,1
Christian,,1
Christian,4
Charity,,1
Chamberlain.,1
Castle.,15
Carve,1
Carrying,,1
Captain].,1
Captain.,1
Captain,,1
Capt.,7
Caps,,1
Capitol;,1
Canst,1
Cannot,1
Can,3
Came,1
Calmly,,1
Calls,1
Call,1
Cain's,1
Caesar;,1
Caesar,,1
By'r,1
By,19
Buzz,,1
Buys,1
But,,14
But,115
Burn,1
Brutus,1
Bring,5
Brief,1
Breathing,1
Break,3
Bow,,1
Both.,8
Both,5
Bloody,1
Blasting,1
Blasted,1
Black,1
Bid,1
Beware,1
Between,2
Bestow,1
Bestial,1
Besides,,1
Bernardo],1
Bernardo?,1
Bernardo.,1
Bernardo,,2
Bernardo),1
Bernardo!,1
Bernardo,2
Ber.],1
Ber.,19
Belike,1
Believe,3
Being,3
Behind,2
Begin,,1
Beggar,1
Before,4
Been,2
Becomes,1
Bears,1
Bear't,1
Bear,1
Be,17
Barbary,2
Baptista.,1
Bak'd,1
Ay,,34
Ay,2
Away,,1
Away!,2
Awake,1
Attends,1
Attendants].,3
Attendants.],2
Attendants.,2
Attendants,2
Attendant.],1
Attendant.,2
At,12
Assure,1
Assume,1
As,70
Art,2
Aroused,1
Army,1
Armed,1
Arm'd,,2
Arm,1
Argal,,2
Are,10
Appears,1
Antiquity,1
Answer,,1
Another,4
Anon,,1
Anon,1
Angels,1
And,,14
And,259
An,6
Among,1
Ambassadors.,2
Ambassadors,,1
Ambassador.,1
Am,2
Almost,1
All.,6
All's,1
All,12
Alexander,5
Alas,,9
Alack,,3
Aha!,1
Aha,1
Ah,,2
Against,4
After,3
Affront,1
Affection?,1
Admit,1
Adieu.,1
Adieu,,2
Addicted,1
Adam's,1
Adam,1
Acts,1
Act,1
According,1
Abuses,1
Absent,1
About,,1
About,2
Aboard,,1
AEneas',1
ACT,4
A,87
?,2
1.,6
-,1
(would,1
(within),3
(with,1
(which,1
(whereto,1
(so,1
(sings),4
(reads,1
(not,2
(like,1
(lawful,1
(have,1
(for,1
(first,1
(as,6
(Unless,1
(Things,1
(They,1
(Sings),5
(O,2
(My,1
(Marcellus,1
(Hey,1
(For,2
(As,3
'would',1
'while,1
'twould,1
'twixt,2
'twill,3
'twere-,1
'twere,,2
'twere,5
'tween,1
'twas,1
'tis,,1
'tis,35
't,1
'should',1
'seems.',1
's,1
'one.',1
'not,1
'gentleman'-,1
'gainst,3
'friend,',1
'friend,1
'em?,2
'closes,2
'beautified',1
'alone.',1
'a'mercy,1
'a',1
'a,9
'Well,,1
'We,1
'Twill,1
'Twere,4
'Twas,2
'To,1
'Tis,36
'Thus,1
'This,2
'Thine,1
'There,1
'The,5
'That,1
'Swounds,,2
'So,1
'Sblood,,2
'Run,1
'One,1
'O,1
'Now,1
'Naked!',1
'Mobled,1
'Man,1
'Lord,1
'Let,1
'Laertes,1
'It,1
'In,1
'If,1
'I,3
'Horatio,,1
'He,1
'HAMLET.',1
'Good,2
'Gainst,1
'Forgive,1
'For,1
'Doubt,1
'Choose,1
'By-and-by',1
'But,1
'Before,1
'As,1
'Anon,1
'And,1
'Adieu,,1
'A-down,1
'A,5
''Tis,1
&c.',1
